variant,request_id,uncapped,min_balance,safe,true_safe,error,norm_error,earliest,true_earliest,date_match,amount_improved,amount_regressed,date_gained,date_lost
mean/all/90dates,request_01,False,48241.27,25256.0,25256.0,0.0,0.0,2024-03-03,2024-03-03,True,False,False,False,False
mean/all/90dates,request_02,True,47495165.49,18336765.49,17229139.2,1107626.29,0.024069413924985857,2025-09-15,2025-09-15,True,False,False,False,False
mean/all/90dates,request_03,True,3640437.0,971737.0,873000.0,98737.0,0.017981606264796942,2019-11-15,2019-11-15,True,False,False,False,False
mean/all/90dates,request_04,True,41295886.07,10609286.07,8401800.0,2207486.07,0.17391365870952497,2024-06-15,2024-06-15,True,False,False,False,False
mean/all/90dates,request_05,True,8575.15,0,737.0,-737.0,-0.04758522727272727,,,True,False,False,False,False
mean/all/90dates,request_06,True,1323.82,523.82,603.3,-79.48,-0.12811089619600244,2026-01-15,2026-01-15,True,False,False,False,False
mean/all/90dates,request_07,True,179237.22,86237.22,87170.56,-933.34,-0.004728166160081036,2024-10-23,2024-10-23,True,False,False,False,False
mean/all/90dates,request_08,True,1085.2,285.2,284.57,0.63,0.0006321493076459918,,2025-04-15,False,False,False,False,False
mean/all/90dates,request_09,False,841.96,166.61,166.61,0.0,0.0,2026-07-04,2026-07-04,True,False,False,False,False
mean/all/90dates,request_10,True,188826.85,0,12700.0,-12700.0,-0.047619047619047616,,,True,False,False,False,False
mean/all/90dates,request_11,True,46460466.62,12319866.62,12510645.0,-190778.38,-0.014552126620900139,2025-05-15,2025-07-15,False,False,False,False,False
mean/all/90dates,request_12,False,103570.23,60370.23,65164.0,-4793.77,-0.07356469829967462,,2026-04-05,False,False,False,False,False
mean/all/90dates,request_13,True,1790.78,490.78,433.4,57.38,0.060938827527612566,,2024-05-15,False,False,False,False,False
mean/all/90dates,request_14,True,2816.29,616.29,597.74,18.55,0.003426175612278814,,,True,False,False,False,False
mean/all/90dates,request_15,True,1205.08,5.08,83.05,-77.97,-0.02115875169606513,,,True,False,False,False,False
mean/all/90dates,request_16,False,261510.89,122500.0,122500.0,0.0,0.0,2023-08-12,2023-08-12,True,False,False,False,False
mean/all/90dates,request_17,True,409123.67,243023.67,243849.58,-825.91,-0.003007683903860067,2026-04-15,2026-03-15,False,False,False,False,False
mean/all/90dates,request_18,True,1946.05,546.05,462.0,84.05,0.02589260959305011,2026-09-15,2026-09-15,True,False,False,False,False
mean/all/90dates,request_19,True,117976.15,25176.15,28820.0,-3643.85,-0.09187720625315175,2024-09-15,2024-09-15,True,False,False,False,False
mean/all/90dates,request_20,True,73351.68,8851.68,5400.0,3451.68,0.011365426407639118,,,True,False,False,False,False
mean/all/90dates,request_21,True,3473.13,1574.4,1543.35,31.05,0.01972179878048792,2026-04-03,2026-04-15,False,False,False,False,False
mean/all/90dates,request_22,True,964.62,464.62,475.46,-10.84,-0.014818865345181101,2025-01-15,2025-01-15,True,False,False,False,False
mean/all/90dates,request_23,True,35360.17,8360.17,9152.0,-791.83,-0.02082886153198653,2025-07-15,2025-07-15,True,False,False,False,False
mean/all/90dates,request_24,True,64539.29,13539.29,13420.0,119.29,0.001088412408759132,,,True,False,False,False,False
mean/all/90dates,request_25,True,23755183.4,376083.4,1425000.0,-1048916.6,-0.017338610817244117,,,True,False,False,False,False
mean/all/calendar,request_01,False,48241.27,25256.0,25256.0,0.0,0.0,2024-03-03,2024-03-03,True,False,False,False,False
mean/all/calendar,request_02,True,47495165.49,18336765.49,17229139.2,1107626.29,0.024069413924985857,2025-09-15,2025-09-15,True,False,False,False,False
mean/all/calendar,request_03,True,3640437.0,971737.0,873000.0,98737.0,0.017981606264796942,2019-11-15,2019-11-15,True,False,False,False,False
mean/all/calendar,request_04,True,41295886.07,10609286.07,8401800.0,2207486.07,0.17391365870952497,2024-06-15,2024-06-15,True,False,False,False,False
mean/all/calendar,request_05,True,14268.85,1168.85,737.0,431.85,0.027882877066115697,,,True,True,False,False,False
mean/all/calendar,request_06,True,1323.82,523.82,603.3,-79.48,-0.12811089619600244,2026-01-15,2026-01-15,True,False,False,False,False
mean/all/calendar,request_07,True,179237.22,86237.22,87170.56,-933.34,-0.004728166160081036,2024-10-23,2024-10-23,True,False,False,False,False
mean/all/calendar,request_08,True,1085.2,285.2,284.57,0.63,0.0006321493076459918,2025-04-15,2025-04-15,True,False,False,True,False
mean/all/calendar,request_09,False,841.96,166.61,166.61,0.0,0.0,2026-07-04,2026-07-04,True,False,False,False,False
mean/all/calendar,request_10,True,257926.85,32526.85,12700.0,19826.85,0.07434139482564679,,,True,False,True,False,False
mean/all/calendar,request_11,True,46460466.62,12319866.62,12510645.0,-190778.38,-0.014552126620900139,2025-05-15,2025-07-15,False,False,False,False,False
mean/all/calendar,request_12,False,115362.23,65164.0,65164.0,0.0,0.0,2026-04-05,2026-04-05,True,True,False,True,False
mean/all/calendar,request_13,True,1790.78,490.78,433.4,57.38,0.060938827527612566,2024-05-15,2024-05-15,True,False,False,True,False
mean/all/calendar,request_14,True,2816.29,616.29,597.74,18.55,0.003426175612278814,,,True,False,False,False,False
mean/all/calendar,request_15,True,1205.08,5.08,83.05,-77.97,-0.02115875169606513,,,True,False,False,False,False
mean/all/calendar,request_16,False,261510.89,122500.0,122500.0,0.0,0.0,2023-08-12,2023-08-12,True,False,False,False,False
mean/all/calendar,request_17,True,409123.67,243023.67,243849.58,-825.91,-0.003007683903860067,2026-04-15,2026-03-15,False,False,False,False,False
mean/all/calendar,request_18,True,1946.05,546.05,462.0,84.05,0.02589260959305011,2026-09-15,2026-09-15,True,False,False,False,False
mean/all/calendar,request_19,True,117976.15,25176.15,28820.0,-3643.85,-0.09187720625315175,2024-09-15,2024-09-15,True,False,False,False,False
mean/all/calendar,request_20,True,73351.68,8851.68,5400.0,3451.68,0.011365426407639118,,,True,False,False,False,False
mean/all/calendar,request_21,True,3473.13,1574.4,1543.35,31.05,0.01972179878048792,2026-04-03,2026-04-15,False,False,False,False,False
mean/all/calendar,request_22,True,964.62,464.62,475.46,-10.84,-0.014818865345181101,2025-01-15,2025-01-15,True,False,False,False,False
mean/all/calendar,request_23,True,35360.17,8360.17,9152.0,-791.83,-0.02082886153198653,2025-07-15,2025-07-15,True,False,False,False,False
mean/all/calendar,request_24,True,64539.29,13539.29,13420.0,119.29,0.001088412408759132,,,True,False,False,False,False
mean/all/calendar,request_25,True,23755183.4,376083.4,1425000.0,-1048916.6,-0.017338610817244117,,,True,False,False,False,False
median/all/90dates,request_01,False,48320.87,25256.0,25256.0,0.0,0.0,2024-03-03,2024-03-03,True,False,False,False,False
median/all/90dates,request_02,True,47359323.11,18200923.11,17229139.2,971783.91,0.021117473814594293,2025-09-15,2025-09-15,True,True,False,False,False
median/all/90dates,request_03,True,3641281.91,972581.91,873000.0,99581.91,0.018135478054999096,2019-11-15,2019-11-15,True,False,True,False,False
median/all/90dates,request_04,True,41228918.03,10542318.03,8401800.0,2140518.03,0.16863767667218146,2024-06-15,2024-06-15,True,True,False,False,False
median/all/90dates,request_05,True,8188.49,0,737.0,-737.0,-0.04758522727272727,,,True,False,False,False,False
median/all/90dates,request_06,True,1317.36,517.36,603.3,-85.94,-0.13852353320438418,2026-01-15,2026-01-15,True,False,True,False,False
median/all/90dates,request_07,True,178501.13,85501.13,87170.56,-1669.43,-0.008457092198581526,2024-10-23,2024-10-23,True,False,True,False,False
median/all/90dates,request_08,True,1091.12,291.12,284.57,6.55,0.006572345976319498,,2025-04-15,False,False,True,False,False
median/all/90dates,request_09,False,825.19,166.61,166.61,0.0,0.0,2026-07-04,2026-07-04,True,False,False,False,False
median/all/90dates,request_10,True,191872.07,0,12700.0,-12700.0,-0.047619047619047616,,,True,False,False,False,False
median/all/90dates,request_11,True,46262175.11,12121575.11,12510645.0,-389069.89,-0.02967733714721591,2025-05-15,2025-07-15,False,False,True,False,False
median/all/90dates,request_12,False,101972.08,58772.08,65164.0,-6391.92,-0.09808974280277451,,2026-04-05,False,False,True,False,False
median/all/90dates,request_13,True,1793.9,493.9,433.4,60.5,0.06425233644859812,,2024-05-15,False,False,True,False,False
median/all/90dates,request_14,True,2828.22,628.22,597.74,30.48,0.005629640574784828,,,True,False,True,False,False
median/all/90dates,request_15,True,1206.54,6.54,83.05,-76.51,-0.020762550881953865,,,True,True,False,False,False
median/all/90dates,request_16,False,262400.97,122500.0,122500.0,0.0,0.0,2023-08-12,2023-08-12,True,False,False,False,False
median/all/90dates,request_17,True,409854.81,243754.81,243849.58,-94.77,-0.00034512017479967054,2026-03-15,2026-03-15,True,True,False,True,False
median/all/90dates,request_18,True,1951.03,551.03,462.0,89.03,0.02742675826376266,2026-09-15,2026-09-15,True,False,True,False,False
median/all/90dates,request_19,True,118209.46,25409.46,28820.0,-3410.54,-0.08599445284921838,2024-09-15,2024-09-15,True,True,False,False,False
median/all/90dates,request_20,True,73245.27,8745.27,5400.0,3345.27,0.011015047744484691,,,True,True,False,False,False
median/all/90dates,request_21,True,3475.58,1574.4,1543.35,31.05,0.01972179878048792,2026-04-03,2026-04-15,False,False,False,False,False
median/all/90dates,request_22,True,965.27,465.27,475.46,-10.19,-0.013930280246069716,2025-01-15,2025-01-15,True,True,False,False,False
median/all/90dates,request_23,True,35406.78,8406.78,9152.0,-745.22,-0.019602798821548806,2025-07-15,2025-07-15,True,True,False,False,False
median/all/90dates,request_24,True,64591.52,13591.52,13420.0,171.52,0.001564963503649639,,,True,False,True,False,False
median/all/90dates,request_25,True,23693592.35,314492.35,1425000.0,-1110507.65,-0.018356712014017455,,,True,False,True,False,False
median/all/calendar,request_01,False,48320.87,25256.0,25256.0,0.0,0.0,2024-03-03,2024-03-03,True,False,False,False,False
median/all/calendar,request_02,True,47359323.11,18200923.11,17229139.2,971783.91,0.021117473814594293,2025-09-15,2025-09-15,True,True,False,False,False
median/all/calendar,request_03,True,3641281.91,972581.91,873000.0,99581.91,0.018135478054999096,2019-11-15,2019-11-15,True,False,True,False,False
median/all/calendar,request_04,True,41228918.03,10542318.03,8401800.0,2140518.03,0.16863767667218146,2024-06-15,2024-06-15,True,True,False,False,False
median/all/calendar,request_05,True,13902.07,802.07,737.0,65.07,0.0042013171487603335,,,True,True,False,False,False
median/all/calendar,request_06,True,1317.36,517.36,603.3,-85.94,-0.13852353320438418,2026-01-15,2026-01-15,True,False,True,False,False
median/all/calendar,request_07,True,178501.13,85501.13,87170.56,-1669.43,-0.008457092198581526,2024-10-23,2024-10-23,True,False,True,False,False
median/all/calendar,request_08,True,1091.12,291.12,284.57,6.55,0.006572345976319498,2025-04-15,2025-04-15,True,False,True,True,False
median/all/calendar,request_09,False,825.19,166.61,166.61,0.0,0.0,2026-07-04,2026-07-04,True,False,False,False,False
median/all/calendar,request_10,True,260972.07,35572.07,12700.0,22872.07,0.08575954255718035,,,True,False,True,False,False
median/all/calendar,request_11,True,46262175.11,12121575.11,12510645.0,-389069.89,-0.02967733714721591,2025-05-15,2025-07-15,False,False,True,False,False
median/all/calendar,request_12,False,113764.08,65164.0,65164.0,0.0,0.0,2026-04-05,2026-04-05,True,True,False,True,False
median/all/calendar,request_13,True,1793.9,493.9,433.4,60.5,0.06425233644859812,2024-05-15,2024-05-15,True,False,True,True,False
median/all/calendar,request_14,True,2828.22,628.22,597.74,30.48,0.005629640574784828,,,True,False,True,False,False
median/all/calendar,request_15,True,1206.54,6.54,83.05,-76.51,-0.020762550881953865,,,True,True,False,False,False
median/all/calendar,request_16,False,262400.97,122500.0,122500.0,0.0,0.0,2023-08-12,2023-08-12,True,False,False,False,False
median/all/calendar,request_17,True,409854.81,243754.81,243849.58,-94.77,-0.00034512017479967054,2026-03-15,2026-03-15,True,True,False,True,False
median/all/calendar,request_18,True,1951.03,551.03,462.0,89.03,0.02742675826376266,2026-09-15,2026-09-15,True,False,True,False,False
median/all/calendar,request_19,True,118209.46,25409.46,28820.0,-3410.54,-0.08599445284921838,2024-09-15,2024-09-15,True,True,False,False,False
median/all/calendar,request_20,True,73245.27,8745.27,5400.0,3345.27,0.011015047744484691,,,True,True,False,False,False
median/all/calendar,request_21,True,3475.58,1574.4,1543.35,31.05,0.01972179878048792,2026-04-03,2026-04-15,False,False,False,False,False
median/all/calendar,request_22,True,965.27,465.27,475.46,-10.19,-0.013930280246069716,2025-01-15,2025-01-15,True,True,False,False,False
median/all/calendar,request_23,True,35406.78,8406.78,9152.0,-745.22,-0.019602798821548806,2025-07-15,2025-07-15,True,True,False,False,False
median/all/calendar,request_24,True,64591.52,13591.52,13420.0,171.52,0.001564963503649639,,,True,False,True,False,False
median/all/calendar,request_25,True,23693592.35,314492.35,1425000.0,-1110507.65,-0.018356712014017455,,,True,False,True,False,False
trimmed20/all/90dates,request_01,False,48257.43,25256.0,25256.0,0.0,0.0,2024-03-03,2024-03-03,True,False,False,False,False
trimmed20/all/90dates,request_02,True,47463403.59,18305003.59,17229139.2,1075864.39,0.023379207918640545,2025-09-15,2025-09-15,True,True,False,False,False
trimmed20/all/90dates,request_03,True,3638722.37,970022.37,873000.0,97022.37,0.017669344381715534,2019-11-15,2019-11-15,True,True,False,False,False
trimmed20/all/90dates,request_04,True,41244838.26,10558238.26,8401800.0,2156438.26,0.16989192940991096,2024-06-15,2024-06-15,True,True,False,False,False
trimmed20/all/90dates,request_05,True,8362.32,0,737.0,-737.0,-0.04758522727272727,,,True,False,False,False,False
trimmed20/all/90dates,request_06,True,1322.35,522.35,603.3,-80.95,-0.1304803352675692,2026-01-15,2026-01-15,True,False,True,False,False
trimmed20/all/90dates,request_07,True,179056.47,86056.47,87170.56,-1114.09,-0.005643819655521766,2024-10-23,2024-10-23,True,False,True,False,False
trimmed20/all/90dates,request_08,True,1086.66,286.66,284.57,2.09,0.002097130242825639,,2025-04-15,False,False,True,False,False
trimmed20/all/90dates,request_09,False,837.73,166.61,166.61,0.0,0.0,2026-07-04,2026-07-04,True,False,False,False,False
trimmed20/all/90dates,request_10,True,187135.61,0,12700.0,-12700.0,-0.047619047619047616,,,True,False,False,False,False
trimmed20/all/90dates,request_11,True,46384713.55,12244113.55,12510645.0,-266531.45,-0.020330392829900783,2025-05-15,2025-07-15,False,False,True,False,False
trimmed20/all/90dates,request_12,False,103158.66,59958.66,65164.0,-5205.34,-0.07988060892517336,,2026-04-05,False,False,True,False,False
trimmed20/all/90dates,request_13,True,1800.08,500.08,433.4,66.68,0.07081563296516569,,2024-05-15,False,False,True,False,False
trimmed20/all/90dates,request_14,True,2820.56,620.56,597.74,22.82,0.004214842451331672,,,True,False,True,False,False
trimmed20/all/90dates,request_15,True,1207.47,7.47,83.05,-75.58,-0.020510176390773405,,,True,True,False,False,False
trimmed20/all/90dates,request_16,False,261419.65,122500.0,122500.0,0.0,0.0,2023-08-12,2023-08-12,True,False,False,False,False
trimmed20/all/90dates,request_17,True,408937.58,242837.58,243849.58,-1012.0,-0.003685360524399126,2026-04-15,2026-03-15,False,False,True,False,False
trimmed20/all/90dates,request_18,True,1946.22,546.22,462.0,84.22,0.025944980130002165,2026-09-15,2026-09-15,True,False,True,False,False
trimmed20/all/90dates,request_19,True,118067.91,25267.91,28820.0,-3552.09,-0.08956354009077157,2024-09-15,2024-09-15,True,True,False,False,False
trimmed20/all/90dates,request_20,True,73331.24,8831.24,5400.0,3431.24,0.011298123147843266,,,True,True,False,False,False
trimmed20/all/90dates,request_21,True,3474.31,1574.4,1543.35,31.05,0.01972179878048792,2026-04-03,2026-04-15,False,False,False,False,False
trimmed20/all/90dates,request_22,True,964.55,464.55,475.46,-10.91,-0.014914559125085398,2025-01-15,2025-01-15,True,False,True,False,False
trimmed20/all/90dates,request_23,True,35368.74,8368.74,9152.0,-783.26,-0.02060343013468014,2025-07-15,2025-07-15,True,True,False,False,False
trimmed20/all/90dates,request_24,True,64578.12,13578.12,13420.0,158.12,0.0014427007299270145,,,True,False,True,False,False
trimmed20/all/90dates,request_25,True,23724904.49,345804.49,1425000.0,-1079195.51,-0.017839121760116372,,,True,False,True,False,False
trimmed20/all/calendar,request_01,False,48257.43,25256.0,25256.0,0.0,0.0,2024-03-03,2024-03-03,True,False,False,False,False
trimmed20/all/calendar,request_02,True,47463403.59,18305003.59,17229139.2,1075864.39,0.023379207918640545,2025-09-15,2025-09-15,True,True,False,False,False
trimmed20/all/calendar,request_03,True,3638722.37,970022.37,873000.0,97022.37,0.017669344381715534,2019-11-15,2019-11-15,True,True,False,False,False
trimmed20/all/calendar,request_04,True,41244838.26,10558238.26,8401800.0,2156438.26,0.16989192940991096,2024-06-15,2024-06-15,True,True,False,False,False
trimmed20/all/calendar,request_05,True,14071.21,971.21,737.0,234.21,0.015122029958677688,,,True,True,False,False,False
trimmed20/all/calendar,request_06,True,1322.35,522.35,603.3,-80.95,-0.1304803352675692,2026-01-15,2026-01-15,True,False,True,False,False
trimmed20/all/calendar,request_07,True,179056.47,86056.47,87170.56,-1114.09,-0.005643819655521766,2024-10-23,2024-10-23,True,False,True,False,False
trimmed20/all/calendar,request_08,True,1086.66,286.66,284.57,2.09,0.002097130242825639,2025-04-15,2025-04-15,True,False,True,True,False
trimmed20/all/calendar,request_09,False,837.73,166.61,166.61,0.0,0.0,2026-07-04,2026-07-04,True,False,False,False,False
trimmed20/all/calendar,request_10,True,256235.61,30835.61,12700.0,18135.61,0.06800003749531308,,,True,False,True,False,False
trimmed20/all/calendar,request_11,True,46384713.55,12244113.55,12510645.0,-266531.45,-0.020330392829900783,2025-05-15,2025-07-15,False,False,True,False,False
trimmed20/all/calendar,request_12,False,114950.66,65164.0,65164.0,0.0,0.0,2026-04-05,2026-04-05,True,True,False,True,False
trimmed20/all/calendar,request_13,True,1800.08,500.08,433.4,66.68,0.07081563296516569,2024-05-15,2024-05-15,True,False,True,True,False
trimmed20/all/calendar,request_14,True,2820.56,620.56,597.74,22.82,0.004214842451331672,,,True,False,True,False,False
trimmed20/all/calendar,request_15,True,1207.47,7.47,83.05,-75.58,-0.020510176390773405,,,True,True,False,False,False
trimmed20/all/calendar,request_16,False,261419.65,122500.0,122500.0,0.0,0.0,2023-08-12,2023-08-12,True,False,False,False,False
trimmed20/all/calendar,request_17,True,408937.58,242837.58,243849.58,-1012.0,-0.003685360524399126,2026-04-15,2026-03-15,False,False,True,False,False
trimmed20/all/calendar,request_18,True,1946.22,546.22,462.0,84.22,0.025944980130002165,2026-09-15,2026-09-15,True,False,True,False,False
trimmed20/all/calendar,request_19,True,118067.91,25267.91,28820.0,-3552.09,-0.08956354009077157,2024-09-15,2024-09-15,True,True,False,False,False
trimmed20/all/calendar,request_20,True,73331.24,8831.24,5400.0,3431.24,0.011298123147843266,,,True,True,False,False,False
trimmed20/all/calendar,request_21,True,3474.31,1574.4,1543.35,31.05,0.01972179878048792,2026-04-03,2026-04-15,False,False,False,False,False
trimmed20/all/calendar,request_22,True,964.55,464.55,475.46,-10.91,-0.014914559125085398,2025-01-15,2025-01-15,True,False,True,False,False
trimmed20/all/calendar,request_23,True,35368.74,8368.74,9152.0,-783.26,-0.02060343013468014,2025-07-15,2025-07-15,True,True,False,False,False
trimmed20/all/calendar,request_24,True,64578.12,13578.12,13420.0,158.12,0.0014427007299270145,,,True,False,True,False,False
trimmed20/all/calendar,request_25,True,23724904.49,345804.49,1425000.0,-1079195.51,-0.017839121760116372,,,True,False,True,False,False
winsor20/all/90dates,request_01,False,48248.59,25256.0,25256.0,0.0,0.0,2024-03-03,2024-03-03,True,False,False,False,False
winsor20/all/90dates,request_02,True,47466140.59,18307740.59,17229139.2,1078601.39,0.02343868464513887,2025-09-15,2025-09-15,True,True,False,False,False
winsor20/all/90dates,request_03,True,3638397.39,969697.39,873000.0,96697.39,0.017610160262247317,2019-11-15,2019-11-15,True,True,False,False,False
winsor20/all/90dates,request_04,True,41284377.34,10597777.34,8401800.0,2195977.34,0.17300695974158983,2024-06-15,2024-06-15,True,True,False,False,False
winsor20/all/90dates,request_05,True,8369.18,0,737.0,-737.0,-0.04758522727272727,,,True,False,False,False,False
winsor20/all/90dates,request_06,True,1324.6,524.6,603.3,-78.7,-0.12685364281108952,2026-01-15,2026-01-15,True,True,False,False,False
winsor20/all/90dates,request_07,True,179237.02,86237.02,87170.56,-933.54,-0.0047291793313069585,2024-10-23,2024-10-23,True,False,True,False,False
winsor20/all/90dates,request_08,True,1085.4,285.4,284.57,0.83,0.0008328316275335984,,2025-04-15,False,False,True,False,False
winsor20/all/90dates,request_09,False,840.61,166.61,166.61,0.0,0.0,2026-07-04,2026-07-04,True,False,False,False,False
winsor20/all/90dates,request_10,True,187823.22,0,12700.0,-12700.0,-0.047619047619047616,,,True,False,False,False,False
winsor20/all/90dates,request_11,True,46434579.57,12293979.57,12510645.0,-216665.43,-0.016526729977116683,2025-05-15,2025-07-15,False,False,True,False,False
winsor20/all/90dates,request_12,False,103519.62,60319.62,65164.0,-4844.38,-0.07434135412190776,,2026-04-05,False,False,True,False,False
winsor20/all/90dates,request_13,True,1802.33,502.33,433.4,68.93,0.07320518266779949,,2024-05-15,False,False,True,False,False
winsor20/all/90dates,request_14,True,2817.76,617.76,597.74,20.02,0.0036976838683461977,,,True,False,True,False,False
winsor20/all/90dates,request_15,True,1206.86,6.86,83.05,-76.19,-0.020675712347354137,,,True,True,False,False,False
winsor20/all/90dates,request_16,False,261526.38,122500.0,122500.0,0.0,0.0,2023-08-12,2023-08-12,True,False,False,False,False
winsor20/all/90dates,request_17,True,408973.41,242873.41,243849.58,-976.17,-0.003554879825200232,2026-04-15,2026-03-15,False,False,True,False,False
winsor20/all/90dates,request_18,True,1944.83,544.83,462.0,82.83,0.025516773974923766,2026-09-15,2026-09-15,True,True,False,False,False
winsor20/all/90dates,request_19,True,118057.04,25257.04,28820.0,-3562.96,-0.08983761976802822,2024-09-15,2024-09-15,True,True,False,False,False
winsor20/all/90dates,request_20,True,73374.97,8874.97,5400.0,3474.97,0.011442113928218634,,,True,False,True,False,False
winsor20/all/90dates,request_21,True,3473.8,1574.4,1543.35,31.05,0.01972179878048792,2026-04-03,2026-04-15,False,False,False,False,False
winsor20/all/90dates,request_22,True,964.67,464.67,475.46,-10.79,-0.014750512645249438,2025-01-15,2025-01-15,True,True,False,False,False
winsor20/all/90dates,request_23,True,35338.14,8338.14,9152.0,-813.86,-0.021408354377104394,2025-07-15,2025-07-15,True,False,True,False,False
winsor20/all/90dates,request_24,True,64594.17,13594.17,13420.0,174.17,0.001589142335766424,,,True,False,True,False,False
winsor20/all/90dates,request_25,True,23735116.49,356016.49,1425000.0,-1068983.51,-0.017670317211055275,,,True,False,True,False,False
winsor20/all/calendar,request_01,False,48248.59,25256.0,25256.0,0.0,0.0,2024-03-03,2024-03-03,True,False,False,False,False
winsor20/all/calendar,request_02,True,47466140.59,18307740.59,17229139.2,1078601.39,0.02343868464513887,2025-09-15,2025-09-15,True,True,False,False,False
winsor20/all/calendar,request_03,True,3638397.39,969697.39,873000.0,96697.39,0.017610160262247317,2019-11-15,2019-11-15,True,True,False,False,False
winsor20/all/calendar,request_04,True,41284377.34,10597777.34,8401800.0,2195977.34,0.17300695974158983,2024-06-15,2024-06-15,True,True,False,False,False
winsor20/all/calendar,request_05,True,14078.41,978.41,737.0,241.41,0.015586905991735536,,,True,True,False,False,False
winsor20/all/calendar,request_06,True,1324.6,524.6,603.3,-78.7,-0.12685364281108952,2026-01-15,2026-01-15,True,True,False,False,False
winsor20/all/calendar,request_07,True,179237.02,86237.02,87170.56,-933.54,-0.0047291793313069585,2024-10-23,2024-10-23,True,False,True,False,False
winsor20/all/calendar,request_08,True,1085.4,285.4,284.57,0.83,0.0008328316275335984,2025-04-15,2025-04-15,True,False,True,True,False
winsor20/all/calendar,request_09,False,840.61,166.61,166.61,0.0,0.0,2026-07-04,2026-07-04,True,False,False,False,False
winsor20/all/calendar,request_10,True,256923.22,31523.22,12700.0,18823.22,0.0705782527184102,,,True,False,True,False,False
winsor20/all/calendar,request_11,True,46434579.57,12293979.57,12510645.0,-216665.43,-0.016526729977116683,2025-05-15,2025-07-15,False,False,True,False,False
winsor20/all/calendar,request_12,False,115311.62,65164.0,65164.0,0.0,0.0,2026-04-05,2026-04-05,True,True,False,True,False
winsor20/all/calendar,request_13,True,1802.33,502.33,433.4,68.93,0.07320518266779949,2024-05-15,2024-05-15,True,False,True,True,False
winsor20/all/calendar,request_14,True,2817.76,617.76,597.74,20.02,0.0036976838683461977,,,True,False,True,False,False
winsor20/all/calendar,request_15,True,1206.86,6.86,83.05,-76.19,-0.020675712347354137,,,True,True,False,False,False
winsor20/all/calendar,request_16,False,261526.38,122500.0,122500.0,0.0,0.0,2023-08-12,2023-08-12,True,False,False,False,False
winsor20/all/calendar,request_17,True,408973.41,242873.41,243849.58,-976.17,-0.003554879825200232,2026-04-15,2026-03-15,False,False,True,False,False
winsor20/all/calendar,request_18,True,1944.83,544.83,462.0,82.83,0.025516773974923766,2026-09-15,2026-09-15,True,True,False,False,False
winsor20/all/calendar,request_19,True,118057.04,25257.04,28820.0,-3562.96,-0.08983761976802822,2024-09-15,2024-09-15,True,True,False,False,False
winsor20/all/calendar,request_20,True,73374.97,8874.97,5400.0,3474.97,0.011442113928218634,,,True,False,True,False,False
winsor20/all/calendar,request_21,True,3473.8,1574.4,1543.35,31.05,0.01972179878048792,2026-04-03,2026-04-15,False,False,False,False,False
winsor20/all/calendar,request_22,True,964.67,464.67,475.46,-10.79,-0.014750512645249438,2025-01-15,2025-01-15,True,True,False,False,False
winsor20/all/calendar,request_23,True,35338.14,8338.14,9152.0,-813.86,-0.021408354377104394,2025-07-15,2025-07-15,True,False,True,False,False
winsor20/all/calendar,request_24,True,64594.17,13594.17,13420.0,174.17,0.001589142335766424,,,True,False,True,False,False
winsor20/all/calendar,request_25,True,23735116.49,356016.49,1425000.0,-1068983.51,-0.017670317211055275,,,True,False,True,False,False
mean_sig1/all/90dates,request_01,False,47862.6,25256.0,25256.0,0.0,0.0,2024-03-03,2024-03-03,True,False,False,False,False
mean_sig1/all/90dates,request_02,True,47190839.2,18032439.2,17229139.2,803300.0,0.017456212786301013,2025-09-15,2025-09-15,True,True,False,False,False
mean_sig1/all/90dates,request_03,True,3636600.0,967900.0,873000.0,94900.0,0.017282826443270807,2019-11-15,2019-11-15,True,True,False,False,False
mean_sig1/all/90dates,request_04,True,41965100.0,11278500.0,8401800.0,2876700.0,0.22663672890569606,2024-06-15,2024-06-15,True,False,True,False,False
mean_sig1/all/90dates,request_05,True,8894.0,0,737.0,-737.0,-0.04758522727272727,,,True,False,False,False,False
mean_sig1/all/90dates,request_06,True,1298.3,498.3,603.3,-105.0,-0.16924564796905214,2026-02-15,2026-01-15,False,False,True,False,True
mean_sig1/all/90dates,request_07,True,179290.56,86290.56,87170.56,-880.0,-0.004457953394123607,2024-10-23,2024-10-23,True,True,False,False,False
mean_sig1/all/90dates,request_08,True,1082.57,282.57,284.57,-2.0,-0.002006823198876179,,2025-04-15,False,False,True,False,False
mean_sig1/all/90dates,request_09,False,903.7,166.61,166.61,0.0,0.0,2026-07-04,2026-07-04,True,False,False,False,False
mean_sig1/all/90dates,request_10,True,187190.0,0,12700.0,-12700.0,-0.047619047619047616,,,True,False,False,False,False
mean_sig1/all/90dates,request_11,True,46984045.0,12843445.0,12510645.0,332800.0,0.025385202135774217,2025-05-15,2025-07-15,False,False,True,False,False
mean_sig1/all/90dates,request_12,False,106856.39,63656.39,65164.0,-1507.61,-0.023135627033331295,,2026-04-05,False,True,False,False,False
mean_sig1/all/90dates,request_13,True,1948.4,648.4,433.4,215.0,0.22833474936278675,,2024-05-15,False,False,True,False,False
mean_sig1/all/90dates,request_14,True,2901.74,701.74,597.74,104.0,0.01920874736803221,,,True,False,True,False,False
mean_sig1/all/90dates,request_15,True,1206.05,6.05,83.05,-77.0,-0.020895522388059702,,,True,True,False,False,False
mean_sig1/all/90dates,request_16,False,265103.0,122500.0,122500.0,0.0,0.0,2023-08-12,2023-08-12,True,False,False,False,False
mean_sig1/all/90dates,request_17,True,409189.58,243089.58,243849.58,-760.0,-0.002767662053896577,2026-04-15,2026-03-15,False,True,False,False,False
mean_sig1/all/90dates,request_18,True,1920.0,520.0,462.0,58.0,0.017867594960105974,2026-09-15,2026-09-15,True,True,False,False,False
mean_sig1/all/90dates,request_19,True,117200.0,24400.0,28820.0,-4420.0,-0.11144730206757439,2024-09-15,2024-09-15,True,False,True,False,False
mean_sig1/all/90dates,request_20,True,73212.0,8712.0,5400.0,3312.0,0.010905498847546921,,,True,True,False,False,False
mean_sig1/all/90dates,request_21,True,3520.35,1574.4,1543.35,31.05,0.01972179878048792,2026-04-03,2026-04-15,False,False,False,False,False
mean_sig1/all/90dates,request_22,True,971.46,471.46,475.46,-4.0,-0.005468215994531784,2025-01-15,2025-01-15,True,True,False,False,False
mean_sig1/all/90dates,request_23,True,35256.8,8256.8,9152.0,-895.2,-0.023547979797979818,,2025-07-15,False,False,True,False,True
mean_sig1/all/90dates,request_24,True,65150.0,14150.0,13420.0,730.0,0.00666058394160584,,,True,False,True,False,False
mean_sig1/all/90dates,request_25,True,24358500.0,979400.0,1425000.0,-445600.0,-0.0073657762496694,,,True,True,False,False,False
mean_sig1/all/calendar,request_01,False,47862.6,25256.0,25256.0,0.0,0.0,2024-03-03,2024-03-03,True,False,False,False,False
mean_sig1/all/calendar,request_02,True,47190839.2,18032439.2,17229139.2,803300.0,0.017456212786301013,2025-09-15,2025-09-15,True,True,False,False,False
mean_sig1/all/calendar,request_03,True,3636600.0,967900.0,873000.0,94900.0,0.017282826443270807,2019-11-15,2019-11-15,True,True,False,False,False
mean_sig1/all/calendar,request_04,True,41965100.0,11278500.0,8401800.0,2876700.0,0.22663672890569606,2024-06-15,2024-06-15,True,False,True,False,False
mean_sig1/all/calendar,request_05,True,14566.0,1466.0,737.0,729.0,0.04706869834710744,,,True,True,False,False,False
mean_sig1/all/calendar,request_06,True,1298.3,498.3,603.3,-105.0,-0.16924564796905214,2026-02-15,2026-01-15,False,False,True,False,True
mean_sig1/all/calendar,request_07,True,179290.56,86290.56,87170.56,-880.0,-0.004457953394123607,2024-10-23,2024-10-23,True,True,False,False,False
mean_sig1/all/calendar,request_08,True,1082.57,282.57,284.57,-2.0,-0.002006823198876179,2025-04-15,2025-04-15,True,False,True,True,False
mean_sig1/all/calendar,request_09,False,903.7,166.61,166.61,0.0,0.0,2026-07-04,2026-07-04,True,False,False,False,False
mean_sig1/all/calendar,request_10,True,256290.0,30890.0,12700.0,18190.0,0.0682039745031871,,,True,False,True,False,False
mean_sig1/all/calendar,request_11,True,46984045.0,12843445.0,12510645.0,332800.0,0.025385202135774217,2025-05-15,2025-07-15,False,False,True,False,False
mean_sig1/all/calendar,request_12,False,118648.39,65164.0,65164.0,0.0,0.0,2026-04-05,2026-04-05,True,True,False,True,False
mean_sig1/all/calendar,request_13,True,1948.4,648.4,433.4,215.0,0.22833474936278675,2024-05-15,2024-05-15,True,False,True,True,False
mean_sig1/all/calendar,request_14,True,2901.74,701.74,597.74,104.0,0.01920874736803221,,,True,False,True,False,False
mean_sig1/all/calendar,request_15,True,1206.05,6.05,83.05,-77.0,-0.020895522388059702,,,True,True,False,False,False
mean_sig1/all/calendar,request_16,False,265103.0,122500.0,122500.0,0.0,0.0,2023-08-12,2023-08-12,True,False,False,False,False
mean_sig1/all/calendar,request_17,True,409189.58,243089.58,243849.58,-760.0,-0.002767662053896577,2026-04-15,2026-03-15,False,True,False,False,False
mean_sig1/all/calendar,request_18,True,1920.0,520.0,462.0,58.0,0.017867594960105974,2026-09-15,2026-09-15,True,True,False,False,False
mean_sig1/all/calendar,request_19,True,117200.0,24400.0,28820.0,-4420.0,-0.11144730206757439,2024-09-15,2024-09-15,True,False,True,False,False
mean_sig1/all/calendar,request_20,True,73212.0,8712.0,5400.0,3312.0,0.010905498847546921,,,True,True,False,False,False
mean_sig1/all/calendar,request_21,True,3520.35,1574.4,1543.35,31.05,0.01972179878048792,2026-04-03,2026-04-15,False,False,False,False,False
mean_sig1/all/calendar,request_22,True,971.46,471.46,475.46,-4.0,-0.005468215994531784,2025-01-15,2025-01-15,True,True,False,False,False
mean_sig1/all/calendar,request_23,True,35256.8,8256.8,9152.0,-895.2,-0.023547979797979818,2025-07-15,2025-07-15,True,False,True,False,False
mean_sig1/all/calendar,request_24,True,65150.0,14150.0,13420.0,730.0,0.00666058394160584,,,True,False,True,False,False
mean_sig1/all/calendar,request_25,True,24358500.0,979400.0,1425000.0,-445600.0,-0.0073657762496694,,,True,True,False,False,False
mean_sig2/all/90dates,request_01,False,48232.6,25256.0,25256.0,0.0,0.0,2024-03-03,2024-03-03,True,False,False,False,False
mean_sig2/all/90dates,request_02,True,47590839.2,18432439.2,17229139.2,1203300.0,0.026148463644660783,2025-09-15,2025-09-15,True,False,True,False,False
mean_sig2/all/90dates,request_03,True,3646600.0,977900.0,873000.0,104900.0,0.01910398834456383,2019-11-15,2019-11-15,True,False,True,False,False
mean_sig2/all/90dates,request_04,True,41335100.0,10648500.0,8401800.0,2246700.0,0.17700307255967856,2024-06-15,2024-06-15,True,False,True,False,False
mean_sig2/all/90dates,request_05,True,8604.0,0,737.0,-737.0,-0.04758522727272727,,,True,False,False,False,False
mean_sig2/all/90dates,request_06,True,1323.3,523.3,603.3,-80.0,-0.1289490651192779,2026-01-15,2026-01-15,True,False,True,False,False
mean_sig2/all/90dates,request_07,True,179290.56,86290.56,87170.56,-880.0,-0.004457953394123607,2024-10-23,2024-10-23,True,True,False,False,False
mean_sig2/all/90dates,request_08,True,1085.57,285.57,284.57,1.0,0.0010034115994380895,,2025-04-15,False,False,True,False,False
mean_sig2/all/90dates,request_09,False,839.7,166.61,166.61,0.0,0.0,2026-07-04,2026-07-04,True,False,False,False,False
mean_sig2/all/90dates,request_10,True,186590.0,0,12700.0,-12700.0,-0.047619047619047616,,,True,False,False,False,False
mean_sig2/all/90dates,request_11,True,46484045.0,12343445.0,12510645.0,-167200.0,-0.012753623188405797,2025-05-15,2025-07-15,False,True,False,False,False
mean_sig2/all/90dates,request_12,False,103756.39,60556.39,65164.0,-4607.61,-0.07070790620588055,,2026-04-05,False,True,False,False,False
mean_sig2/all/90dates,request_13,True,1794.4,494.4,433.4,61.0,0.06478334749362787,,2024-05-15,False,False,True,False,False
mean_sig2/all/90dates,request_14,True,2818.74,618.74,597.74,21.0,0.00387868937239112,,,True,False,True,False,False
mean_sig2/all/90dates,request_15,True,1205.05,5.05,83.05,-78.0,-0.021166892808683852,,,True,False,True,False,False
mean_sig2/all/90dates,request_16,False,261803.0,122500.0,122500.0,0.0,0.0,2023-08-12,2023-08-12,True,False,False,False,False
mean_sig2/all/90dates,request_17,True,409089.58,242989.58,243849.58,-860.0,-0.0031318281136198107,2026-04-15,2026-03-15,False,False,True,False,False
mean_sig2/all/90dates,request_18,True,1943.0,543.0,462.0,81.0,0.024953020547734205,2026-09-15,2026-09-15,True,True,False,False,False
mean_sig2/all/90dates,request_19,True,117900.0,25100.0,28820.0,-3720.0,-0.09379727685325265,2024-09-15,2024-09-15,True,False,True,False,False
mean_sig2/all/90dates,request_20,True,73412.0,8912.0,5400.0,3512.0,0.011564043463944683,,,True,False,True,False,False
mean_sig2/all/90dates,request_21,True,3476.35,1574.4,1543.35,31.05,0.01972179878048792,2026-04-03,2026-04-15,False,False,False,False,False
mean_sig2/all/90dates,request_22,True,964.46,464.46,475.46,-11.0,-0.015037593984962405,2025-01-15,2025-01-15,True,False,True,False,False
mean_sig2/all/90dates,request_23,True,35356.8,8356.8,9152.0,-795.2,-0.020917508417508435,2025-07-15,2025-07-15,True,False,True,False,False
mean_sig2/all/90dates,request_24,True,64450.0,13450.0,13420.0,30.0,0.0002737226277372263,,,True,True,False,False,False
mean_sig2/all/90dates,request_25,True,23808500.0,429400.0,1425000.0,-995600.0,-0.016457286432160805,,,True,True,False,False,False
mean_sig2/all/calendar,request_01,False,48232.6,25256.0,25256.0,0.0,0.0,2024-03-03,2024-03-03,True,False,False,False,False
mean_sig2/all/calendar,request_02,True,47590839.2,18432439.2,17229139.2,1203300.0,0.026148463644660783,2025-09-15,2025-09-15,True,False,True,False,False
mean_sig2/all/calendar,request_03,True,3646600.0,977900.0,873000.0,104900.0,0.01910398834456383,2019-11-15,2019-11-15,True,False,True,False,False
mean_sig2/all/calendar,request_04,True,41335100.0,10648500.0,8401800.0,2246700.0,0.17700307255967856,2024-06-15,2024-06-15,True,False,True,False,False
mean_sig2/all/calendar,request_05,True,14296.0,1196.0,737.0,459.0,0.029635847107438017,,,True,True,False,False,False
mean_sig2/all/calendar,request_06,True,1323.3,523.3,603.3,-80.0,-0.1289490651192779,2026-01-15,2026-01-15,True,False,True,False,False
mean_sig2/all/calendar,request_07,True,179290.56,86290.56,87170.56,-880.0,-0.004457953394123607,2024-10-23,2024-10-23,True,True,False,False,False
mean_sig2/all/calendar,request_08,True,1085.57,285.57,284.57,1.0,0.0010034115994380895,2025-04-15,2025-04-15,True,False,True,True,False
mean_sig2/all/calendar,request_09,False,839.7,166.61,166.61,0.0,0.0,2026-07-04,2026-07-04,True,False,False,False,False
mean_sig2/all/calendar,request_10,True,255690.0,30290.0,12700.0,17590.0,0.06595425571803525,,,True,False,True,False,False
mean_sig2/all/calendar,request_11,True,46484045.0,12343445.0,12510645.0,-167200.0,-0.012753623188405797,2025-05-15,2025-07-15,False,True,False,False,False
mean_sig2/all/calendar,request_12,False,115548.39,65164.0,65164.0,0.0,0.0,2026-04-05,2026-04-05,True,True,False,True,False
mean_sig2/all/calendar,request_13,True,1794.4,494.4,433.4,61.0,0.06478334749362787,2024-05-15,2024-05-15,True,False,True,True,False
mean_sig2/all/calendar,request_14,True,2818.74,618.74,597.74,21.0,0.00387868937239112,,,True,False,True,False,False
mean_sig2/all/calendar,request_15,True,1205.05,5.05,83.05,-78.0,-0.021166892808683852,,,True,False,True,False,False
mean_sig2/all/calendar,request_16,False,261803.0,122500.0,122500.0,0.0,0.0,2023-08-12,2023-08-12,True,False,False,False,False
mean_sig2/all/calendar,request_17,True,409089.58,242989.58,243849.58,-860.0,-0.0031318281136198107,2026-04-15,2026-03-15,False,False,True,False,False
mean_sig2/all/calendar,request_18,True,1943.0,543.0,462.0,81.0,0.024953020547734205,2026-09-15,2026-09-15,True,True,False,False,False
mean_sig2/all/calendar,request_19,True,117900.0,25100.0,28820.0,-3720.0,-0.09379727685325265,2024-09-15,2024-09-15,True,False,True,False,False
mean_sig2/all/calendar,request_20,True,73412.0,8912.0,5400.0,3512.0,0.011564043463944683,,,True,False,True,False,False
mean_sig2/all/calendar,request_21,True,3476.35,1574.4,1543.35,31.05,0.01972179878048792,2026-04-03,2026-04-15,False,False,False,False,False
mean_sig2/all/calendar,request_22,True,964.46,464.46,475.46,-11.0,-0.015037593984962405,2025-01-15,2025-01-15,True,False,True,False,False
mean_sig2/all/calendar,request_23,True,35356.8,8356.8,9152.0,-795.2,-0.020917508417508435,2025-07-15,2025-07-15,True,False,True,False,False
mean_sig2/all/calendar,request_24,True,64450.0,13450.0,13420.0,30.0,0.0002737226277372263,,,True,True,False,False,False
mean_sig2/all/calendar,request_25,True,23808500.0,429400.0,1425000.0,-995600.0,-0.016457286432160805,,,True,True,False,False,False
mean_sig3/all/90dates,request_01,False,48238.6,25256.0,25256.0,0.0,0.0,2024-03-03,2024-03-03,True,False,False,False,False
mean_sig3/all/90dates,request_02,True,47490839.2,18332439.2,17229139.2,1103300.0,0.02397540093007084,2025-09-15,2025-09-15,True,True,False,False,False
mean_sig3/all/90dates,request_03,True,3640600.0,971900.0,873000.0,98900.0,0.018011291203788016,2019-11-15,2019-11-15,True,False,True,False,False
mean_sig3/all/90dates,request_04,True,41292100.0,10605500.0,8401800.0,2203700.0,0.1736153785551091,2024-06-15,2024-06-15,True,True,False,False,False
mean_sig3/all/90dates,request_05,True,8572.0,0,737.0,-737.0,-0.04758522727272727,,,True,False,False,False,False
mean_sig3/all/90dates,request_06,True,1323.7,523.7,603.3,-79.6,-0.12830431979368134,2026-01-15,2026-01-15,True,False,True,False,False
mean_sig3/all/90dates,request_07,True,179230.56,86230.56,87170.56,-940.0,-0.004761904761904762,2024-10-23,2024-10-23,True,False,True,False,False
mean_sig3/all/90dates,request_08,True,1085.27,285.27,284.57,0.7,0.0007023881196066513,,2025-04-15,False,False,True,False,False
mean_sig3/all/90dates,request_09,False,841.7,166.61,166.61,0.0,0.0,2026-07-04,2026-07-04,True,False,False,False,False
mean_sig3/all/90dates,request_10,True,188560.0,0,12700.0,-12700.0,-0.047619047619047616,,,True,False,False,False,False
mean_sig3/all/90dates,request_11,True,46464045.0,12323445.0,12510645.0,-187200.0,-0.014279176201372997,2025-05-15,2025-07-15,False,True,False,False,False
mean_sig3/all/90dates,request_12,False,103576.39,60376.39,65164.0,-4787.61,-0.07347016757718987,,2026-04-05,False,True,False,False,False
mean_sig3/all/90dates,request_13,True,1789.7,489.7,433.4,56.3,0.05979184367034835,,2024-05-15,False,True,False,False,False
mean_sig3/all/90dates,request_14,True,2816.74,616.74,597.74,19.0,0.0035092903845443464,,,True,False,True,False,False
mean_sig3/all/90dates,request_15,True,1205.05,5.05,83.05,-78.0,-0.021166892808683852,,,True,False,True,False,False
mean_sig3/all/90dates,request_16,False,261523.0,122500.0,122500.0,0.0,0.0,2023-08-12,2023-08-12,True,False,False,False,False
mean_sig3/all/90dates,request_17,True,409109.58,243009.58,243849.58,-840.0,-0.003058994901675164,2026-04-15,2026-03-15,False,False,True,False,False
mean_sig3/all/90dates,request_18,True,1946.7,546.7,462.0,84.7,0.026092849881396152,2026-09-15,2026-09-15,True,False,True,False,False
mean_sig3/all/90dates,request_19,True,117980.0,25180.0,28820.0,-3640.0,-0.09178013111447302,2024-09-15,2024-09-15,True,True,False,False,False
mean_sig3/all/90dates,request_20,True,73352.0,8852.0,5400.0,3452.0,0.011366480079025354,,,True,False,True,False,False
mean_sig3/all/90dates,request_21,True,3473.75,1574.4,1543.35,31.05,0.01972179878048792,2026-04-03,2026-04-15,False,False,False,False,False
mean_sig3/all/90dates,request_22,True,964.56,464.56,475.46,-10.9,-0.01490088858509908,2025-01-15,2025-01-15,True,False,True,False,False
mean_sig3/all/90dates,request_23,True,35366.8,8366.8,9152.0,-785.2,-0.0206544612794613,2025-07-15,2025-07-15,True,True,False,False,False
mean_sig3/all/90dates,request_24,True,64550.0,13550.0,13420.0,130.0,0.0011861313868613138,,,True,False,True,False,False
mean_sig3/all/90dates,request_25,True,23765500.0,386400.0,1425000.0,-1038600.0,-0.017168077228246495,,,True,True,False,False,False
mean_sig3/all/calendar,request_01,False,48238.6,25256.0,25256.0,0.0,0.0,2024-03-03,2024-03-03,True,False,False,False,False
mean_sig3/all/calendar,request_02,True,47490839.2,18332439.2,17229139.2,1103300.0,0.02397540093007084,2025-09-15,2025-09-15,True,True,False,False,False
mean_sig3/all/calendar,request_03,True,3640600.0,971900.0,873000.0,98900.0,0.018011291203788016,2019-11-15,2019-11-15,True,False,True,False,False
mean_sig3/all/calendar,request_04,True,41292100.0,10605500.0,8401800.0,2203700.0,0.1736153785551091,2024-06-15,2024-06-15,True,True,False,False,False
mean_sig3/all/calendar,request_05,True,14266.0,1166.0,737.0,429.0,0.027698863636363636,,,True,True,False,False,False
mean_sig3/all/calendar,request_06,True,1323.7,523.7,603.3,-79.6,-0.12830431979368134,2026-01-15,2026-01-15,True,False,True,False,False
mean_sig3/all/calendar,request_07,True,179230.56,86230.56,87170.56,-940.0,-0.004761904761904762,2024-10-23,2024-10-23,True,False,True,False,False
mean_sig3/all/calendar,request_08,True,1085.27,285.27,284.57,0.7,0.0007023881196066513,2025-04-15,2025-04-15,True,False,True,True,False
mean_sig3/all/calendar,request_09,False,841.7,166.61,166.61,0.0,0.0,2026-07-04,2026-07-04,True,False,False,False,False
mean_sig3/all/calendar,request_10,True,257660.0,32260.0,12700.0,19560.0,0.0733408323959505,,,True,False,True,False,False
mean_sig3/all/calendar,request_11,True,46464045.0,12323445.0,12510645.0,-187200.0,-0.014279176201372997,2025-05-15,2025-07-15,False,True,False,False,False
mean_sig3/all/calendar,request_12,False,115368.39,65164.0,65164.0,0.0,0.0,2026-04-05,2026-04-05,True,True,False,True,False
mean_sig3/all/calendar,request_13,True,1789.7,489.7,433.4,56.3,0.05979184367034835,2024-05-15,2024-05-15,True,True,False,True,False
mean_sig3/all/calendar,request_14,True,2816.74,616.74,597.74,19.0,0.0035092903845443464,,,True,False,True,False,False
mean_sig3/all/calendar,request_15,True,1205.05,5.05,83.05,-78.0,-0.021166892808683852,,,True,False,True,False,False
mean_sig3/all/calendar,request_16,False,261523.0,122500.0,122500.0,0.0,0.0,2023-08-12,2023-08-12,True,False,False,False,False
mean_sig3/all/calendar,request_17,True,409109.58,243009.58,243849.58,-840.0,-0.003058994901675164,2026-04-15,2026-03-15,False,False,True,False,False
mean_sig3/all/calendar,request_18,True,1946.7,546.7,462.0,84.7,0.026092849881396152,2026-09-15,2026-09-15,True,False,True,False,False
mean_sig3/all/calendar,request_19,True,117980.0,25180.0,28820.0,-3640.0,-0.09178013111447302,2024-09-15,2024-09-15,True,True,False,False,False
mean_sig3/all/calendar,request_20,True,73352.0,8852.0,5400.0,3452.0,0.011366480079025354,,,True,False,True,False,False
mean_sig3/all/calendar,request_21,True,3473.75,1574.4,1543.35,31.05,0.01972179878048792,2026-04-03,2026-04-15,False,False,False,False,False
mean_sig3/all/calendar,request_22,True,964.56,464.56,475.46,-10.9,-0.01490088858509908,2025-01-15,2025-01-15,True,False,True,False,False
mean_sig3/all/calendar,request_23,True,35366.8,8366.8,9152.0,-785.2,-0.0206544612794613,2025-07-15,2025-07-15,True,True,False,False,False
mean_sig3/all/calendar,request_24,True,64550.0,13550.0,13420.0,130.0,0.0011861313868613138,,,True,False,True,False,False
mean_sig3/all/calendar,request_25,True,23765500.0,386400.0,1425000.0,-1038600.0,-0.017168077228246495,,,True,True,False,False,False
median_sig1/all/90dates,request_01,False,48862.6,25256.0,25256.0,0.0,0.0,2024-03-03,2024-03-03,True,False,False,False,False
median_sig1/all/90dates,request_02,True,47190839.2,18032439.2,17229139.2,803300.0,0.017456212786301013,2025-09-15,2025-09-15,True,True,False,False,False
median_sig1/all/90dates,request_03,True,3636600.0,967900.0,873000.0,94900.0,0.017282826443270807,2019-11-15,2019-11-15,True,True,False,False,False
median_sig1/all/90dates,request_04,True,41965100.0,11278500.0,8401800.0,2876700.0,0.22663672890569606,2024-06-15,2024-06-15,True,False,True,False,False
median_sig1/all/90dates,request_05,True,8894.0,0,737.0,-737.0,-0.04758522727272727,,,True,False,False,False,False
median_sig1/all/90dates,request_06,True,1298.3,498.3,603.3,-105.0,-0.16924564796905214,2026-02-15,2026-01-15,False,False,True,False,True
median_sig1/all/90dates,request_07,True,179290.56,86290.56,87170.56,-880.0,-0.004457953394123607,2024-10-23,2024-10-23,True,True,False,False,False
median_sig1/all/90dates,request_08,True,1092.57,292.57,284.57,8.0,0.008027292795504716,,2025-04-15,False,False,True,False,False
median_sig1/all/90dates,request_09,False,813.7,166.61,166.61,0.0,0.0,2026-07-04,2026-07-04,True,False,False,False,False
median_sig1/all/90dates,request_10,True,187190.0,0,12700.0,-12700.0,-0.047619047619047616,,,True,False,False,False,False
median_sig1/all/90dates,request_11,True,46984045.0,12843445.0,12510645.0,332800.0,0.025385202135774217,2025-05-15,2025-07-15,False,False,True,False,False
median_sig1/all/90dates,request_12,False,106856.39,63656.39,65164.0,-1507.61,-0.023135627033331295,,2026-04-05,False,True,False,False,False
median_sig1/all/90dates,request_13,True,1858.4,558.4,433.4,125.0,0.13275276125743415,,2024-05-15,False,False,True,False,False
median_sig1/all/90dates,request_14,True,2901.74,701.74,597.74,104.0,0.01920874736803221,,,True,False,True,False,False
median_sig1/all/90dates,request_15,True,1206.05,6.05,83.05,-77.0,-0.020895522388059702,,,True,True,False,False,False
median_sig1/all/90dates,request_16,False,265103.0,122500.0,122500.0,0.0,0.0,2023-08-12,2023-08-12,True,False,False,False,False
median_sig1/all/90dates,request_17,True,409189.58,243089.58,243849.58,-760.0,-0.002767662053896577,2026-04-15,2026-03-15,False,True,False,False,False
median_sig1/all/90dates,request_18,True,1910.0,510.0,462.0,48.0,0.014786975139398048,2026-09-15,2026-09-15,True,True,False,False,False
median_sig1/all/90dates,request_19,True,117200.0,24400.0,28820.0,-4420.0,-0.11144730206757439,2024-09-15,2024-09-15,True,False,True,False,False
median_sig1/all/90dates,request_20,True,72212.0,7712.0,5400.0,2312.0,0.0076127757655581165,,,True,True,False,False,False
median_sig1/all/90dates,request_21,True,3520.35,1574.4,1543.35,31.05,0.01972179878048792,2026-04-03,2026-04-15,False,False,False,False,False
median_sig1/all/90dates,request_22,True,971.46,471.46,475.46,-4.0,-0.005468215994531784,2025-01-15,2025-01-15,True,True,False,False,False
median_sig1/all/90dates,request_23,True,35256.8,8256.8,9152.0,-895.2,-0.023547979797979818,,2025-07-15,False,False,True,False,True
median_sig1/all/90dates,request_24,True,65150.0,14150.0,13420.0,730.0,0.00666058394160584,,,True,False,True,False,False
median_sig1/all/90dates,request_25,True,24358500.0,979400.0,1425000.0,-445600.0,-0.0073657762496694,,,True,True,False,False,False
median_sig1/all/calendar,request_01,False,48862.6,25256.0,25256.0,0.0,0.0,2024-03-03,2024-03-03,True,False,False,False,False
median_sig1/all/calendar,request_02,True,47190839.2,18032439.2,17229139.2,803300.0,0.017456212786301013,2025-09-15,2025-09-15,True,True,False,False,False
median_sig1/all/calendar,request_03,True,3636600.0,967900.0,873000.0,94900.0,0.017282826443270807,2019-11-15,2019-11-15,True,True,False,False,False
median_sig1/all/calendar,request_04,True,41965100.0,11278500.0,8401800.0,2876700.0,0.22663672890569606,2024-06-15,2024-06-15,True,False,True,False,False
median_sig1/all/calendar,request_05,True,14566.0,1466.0,737.0,729.0,0.04706869834710744,,,True,True,False,False,False
median_sig1/all/calendar,request_06,True,1298.3,498.3,603.3,-105.0,-0.16924564796905214,2026-02-15,2026-01-15,False,False,True,False,True
median_sig1/all/calendar,request_07,True,179290.56,86290.56,87170.56,-880.0,-0.004457953394123607,2024-10-23,2024-10-23,True,True,False,False,False
median_sig1/all/calendar,request_08,True,1092.57,292.57,284.57,8.0,0.008027292795504716,2025-04-15,2025-04-15,True,False,True,True,False
median_sig1/all/calendar,request_09,False,813.7,166.61,166.61,0.0,0.0,2026-07-04,2026-07-04,True,False,False,False,False
median_sig1/all/calendar,request_10,True,256290.0,30890.0,12700.0,18190.0,0.0682039745031871,,,True,False,True,False,False
median_sig1/all/calendar,request_11,True,46984045.0,12843445.0,12510645.0,332800.0,0.025385202135774217,2025-05-15,2025-07-15,False,False,True,False,False
median_sig1/all/calendar,request_12,False,118648.39,65164.0,65164.0,0.0,0.0,2026-04-05,2026-04-05,True,True,False,True,False
median_sig1/all/calendar,request_13,True,1858.4,558.4,433.4,125.0,0.13275276125743415,2024-05-15,2024-05-15,True,False,True,True,False
median_sig1/all/calendar,request_14,True,2901.74,701.74,597.74,104.0,0.01920874736803221,,,True,False,True,False,False
median_sig1/all/calendar,request_15,True,1206.05,6.05,83.05,-77.0,-0.020895522388059702,,,True,True,False,False,False
median_sig1/all/calendar,request_16,False,265103.0,122500.0,122500.0,0.0,0.0,2023-08-12,2023-08-12,True,False,False,False,False
median_sig1/all/calendar,request_17,True,409189.58,243089.58,243849.58,-760.0,-0.002767662053896577,2026-04-15,2026-03-15,False,True,False,False,False
median_sig1/all/calendar,request_18,True,1910.0,510.0,462.0,48.0,0.014786975139398048,2026-09-15,2026-09-15,True,True,False,False,False
median_sig1/all/calendar,request_19,True,117200.0,24400.0,28820.0,-4420.0,-0.11144730206757439,2024-09-15,2024-09-15,True,False,True,False,False
median_sig1/all/calendar,request_20,True,72212.0,7712.0,5400.0,2312.0,0.0076127757655581165,,,True,True,False,False,False
median_sig1/all/calendar,request_21,True,3520.35,1574.4,1543.35,31.05,0.01972179878048792,2026-04-03,2026-04-15,False,False,False,False,False
median_sig1/all/calendar,request_22,True,971.46,471.46,475.46,-4.0,-0.005468215994531784,2025-01-15,2025-01-15,True,True,False,False,False
median_sig1/all/calendar,request_23,True,35256.8,8256.8,9152.0,-895.2,-0.023547979797979818,2025-07-15,2025-07-15,True,False,True,False,False
median_sig1/all/calendar,request_24,True,65150.0,14150.0,13420.0,730.0,0.00666058394160584,,,True,False,True,False,False
median_sig1/all/calendar,request_25,True,24358500.0,979400.0,1425000.0,-445600.0,-0.0073657762496694,,,True,True,False,False,False
median_sig2/all/90dates,request_01,False,48272.6,25256.0,25256.0,0.0,0.0,2024-03-03,2024-03-03,True,False,False,False,False
median_sig2/all/90dates,request_02,True,47390839.2,18232439.2,17229139.2,1003300.0,0.021802338215480898,2025-09-15,2025-09-15,True,True,False,False,False
median_sig2/all/90dates,request_03,True,3646600.0,977900.0,873000.0,104900.0,0.01910398834456383,2019-11-15,2019-11-15,True,False,True,False,False
median_sig2/all/90dates,request_04,True,41215100.0,10528500.0,8401800.0,2126700.0,0.16754904277948476,2024-06-15,2024-06-15,True,True,False,False,False
median_sig2/all/90dates,request_05,True,8224.0,0,737.0,-737.0,-0.04758522727272727,,,True,False,False,False,False
median_sig2/all/90dates,request_06,True,1316.3,516.3,603.3,-87.0,-0.1402321083172147,2026-01-15,2026-01-15,True,False,True,False,False
median_sig2/all/90dates,request_07,True,178590.56,85590.56,87170.56,-1580.0,-0.00800405268490375,2024-10-23,2024-10-23,True,False,True,False,False
median_sig2/all/90dates,request_08,True,1091.57,291.57,284.57,7.0,0.0070238811960666265,,2025-04-15,False,False,True,False,False
median_sig2/all/90dates,request_09,False,820.7,166.61,166.61,0.0,0.0,2026-07-04,2026-07-04,True,False,False,False,False
median_sig2/all/90dates,request_10,True,185890.0,0,12700.0,-12700.0,-0.047619047619047616,,,True,False,False,False,False
median_sig2/all/90dates,request_11,True,46184045.0,12043445.0,12510645.0,-467200.0,-0.03563691838291381,2025-05-15,2025-07-15,False,False,True,False,False
median_sig2/all/90dates,request_12,False,101956.39,58756.39,65164.0,-6407.61,-0.09833051991897368,,2026-04-05,False,False,True,False,False
median_sig2/all/90dates,request_13,True,1802.4,502.4,433.4,69.0,0.07327952421410365,,2024-05-15,False,False,True,False,False
median_sig2/all/90dates,request_14,True,2828.74,628.74,597.74,31.0,0.005725684311624986,,,True,False,True,False,False
median_sig2/all/90dates,request_15,True,1207.05,7.05,83.05,-76.0,-0.02062415196743555,,,True,True,False,False,False
median_sig2/all/90dates,request_16,False,263003.0,122500.0,122500.0,0.0,0.0,2023-08-12,2023-08-12,True,False,False,False,False
median_sig2/all/90dates,request_17,True,409889.58,243789.58,243849.58,-60.0,-0.00021849963583394028,2026-03-15,2026-03-15,True,True,False,True,False
median_sig2/all/90dates,request_18,True,1951.0,551.0,462.0,89.0,0.027417516404300547,2026-09-15,2026-09-15,True,False,True,False,False
median_sig2/all/90dates,request_19,True,118300.0,25500.0,28820.0,-3320.0,-0.08371154815935451,2024-09-15,2024-09-15,True,True,False,False,False
median_sig2/all/90dates,request_20,True,73312.0,8812.0,5400.0,3412.0,0.011234771155745801,,,True,True,False,False,False
median_sig2/all/90dates,request_21,True,3478.35,1574.4,1543.35,31.05,0.01972179878048792,2026-04-03,2026-04-15,False,False,False,False,False
median_sig2/all/90dates,request_22,True,964.46,464.46,475.46,-11.0,-0.015037593984962405,2025-01-15,2025-01-15,True,False,True,False,False
median_sig2/all/90dates,request_23,True,35456.8,8456.8,9152.0,-695.2,-0.018287037037037056,2025-07-15,2025-07-15,True,True,False,False,False
median_sig2/all/90dates,request_24,True,64750.0,13750.0,13420.0,330.0,0.003010948905109489,,,True,False,True,False,False
median_sig2/all/90dates,request_25,True,23618500.0,239400.0,1425000.0,-1185600.0,-0.019597989949748745,,,True,False,True,False,False
median_sig2/all/calendar,request_01,False,48272.6,25256.0,25256.0,0.0,0.0,2024-03-03,2024-03-03,True,False,False,False,False
median_sig2/all/calendar,request_02,True,47390839.2,18232439.2,17229139.2,1003300.0,0.021802338215480898,2025-09-15,2025-09-15,True,True,False,False,False
median_sig2/all/calendar,request_03,True,3646600.0,977900.0,873000.0,104900.0,0.01910398834456383,2019-11-15,2019-11-15,True,False,True,False,False
median_sig2/all/calendar,request_04,True,41215100.0,10528500.0,8401800.0,2126700.0,0.16754904277948476,2024-06-15,2024-06-15,True,True,False,False,False
median_sig2/all/calendar,request_05,True,13936.0,836.0,737.0,99.0,0.006392045454545455,,,True,True,False,False,False
median_sig2/all/calendar,request_06,True,1316.3,516.3,603.3,-87.0,-0.1402321083172147,2026-01-15,2026-01-15,True,False,True,False,False
median_sig2/all/calendar,request_07,True,178590.56,85590.56,87170.56,-1580.0,-0.00800405268490375,2024-10-23,2024-10-23,True,False,True,False,False
median_sig2/all/calendar,request_08,True,1091.57,291.57,284.57,7.0,0.0070238811960666265,2025-04-15,2025-04-15,True,False,True,True,False
median_sig2/all/calendar,request_09,False,820.7,166.61,166.61,0.0,0.0,2026-07-04,2026-07-04,True,False,False,False,False
median_sig2/all/calendar,request_10,True,254990.0,29590.0,12700.0,16890.0,0.06332958380202475,,,True,False,True,False,False
median_sig2/all/calendar,request_11,True,46184045.0,12043445.0,12510645.0,-467200.0,-0.03563691838291381,2025-05-15,2025-07-15,False,False,True,False,False
median_sig2/all/calendar,request_12,False,113748.39,65164.0,65164.0,0.0,0.0,2026-04-05,2026-04-05,True,True,False,True,False
median_sig2/all/calendar,request_13,True,1802.4,502.4,433.4,69.0,0.07327952421410365,2024-05-15,2024-05-15,True,False,True,True,False
median_sig2/all/calendar,request_14,True,2828.74,628.74,597.74,31.0,0.005725684311624986,,,True,False,True,False,False
median_sig2/all/calendar,request_15,True,1207.05,7.05,83.05,-76.0,-0.02062415196743555,,,True,True,False,False,False
median_sig2/all/calendar,request_16,False,263003.0,122500.0,122500.0,0.0,0.0,2023-08-12,2023-08-12,True,False,False,False,False
median_sig2/all/calendar,request_17,True,409889.58,243789.58,243849.58,-60.0,-0.00021849963583394028,2026-03-15,2026-03-15,True,True,False,True,False
median_sig2/all/calendar,request_18,True,1951.0,551.0,462.0,89.0,0.027417516404300547,2026-09-15,2026-09-15,True,False,True,False,False
median_sig2/all/calendar,request_19,True,118300.0,25500.0,28820.0,-3320.0,-0.08371154815935451,2024-09-15,2024-09-15,True,True,False,False,False
median_sig2/all/calendar,request_20,True,73312.0,8812.0,5400.0,3412.0,0.011234771155745801,,,True,True,False,False,False
median_sig2/all/calendar,request_21,True,3478.35,1574.4,1543.35,31.05,0.01972179878048792,2026-04-03,2026-04-15,False,False,False,False,False
median_sig2/all/calendar,request_22,True,964.46,464.46,475.46,-11.0,-0.015037593984962405,2025-01-15,2025-01-15,True,False,True,False,False
median_sig2/all/calendar,request_23,True,35456.8,8456.8,9152.0,-695.2,-0.018287037037037056,2025-07-15,2025-07-15,True,True,False,False,False
median_sig2/all/calendar,request_24,True,64750.0,13750.0,13420.0,330.0,0.003010948905109489,,,True,False,True,False,False
median_sig2/all/calendar,request_25,True,23618500.0,239400.0,1425000.0,-1185600.0,-0.019597989949748745,,,True,False,True,False,False
median_sig3/all/90dates,request_01,False,48324.6,25256.0,25256.0,0.0,0.0,2024-03-03,2024-03-03,True,False,False,False,False
median_sig3/all/90dates,request_02,True,47360839.2,18202439.2,17229139.2,973300.0,0.021150419401103914,2025-09-15,2025-09-15,True,True,False,False,False
median_sig3/all/90dates,request_03,True,3641600.0,972900.0,873000.0,99900.0,0.01819340739391732,2019-11-15,2019-11-15,True,False,True,False,False
median_sig3/all/90dates,request_04,True,41227100.0,10540500.0,8401800.0,2138700.0,0.16849444575750414,2024-06-15,2024-06-15,True,True,False,False,False
median_sig3/all/90dates,request_05,True,8189.0,0,737.0,-737.0,-0.04758522727272727,,,True,False,False,False,False
median_sig3/all/90dates,request_06,True,1317.4,517.4,603.3,-85.9,-0.1384590586718246,2026-01-15,2026-01-15,True,False,True,False,False
median_sig3/all/90dates,request_07,True,178500.56,85500.56,87170.56,-1670.0,-0.00845997973657548,2024-10-23,2024-10-23,True,False,True,False,False
median_sig3/all/90dates,request_08,True,1091.07,291.07,284.57,6.5,0.006522175396347581,,2025-04-15,False,False,True,False,False
median_sig3/all/90dates,request_09,False,824.7,166.61,166.61,0.0,0.0,2026-07-04,2026-07-04,True,False,False,False,False
median_sig3/all/90dates,request_10,True,192390.0,0,12700.0,-12700.0,-0.047619047619047616,,,True,False,False,False,False
median_sig3/all/90dates,request_11,True,46254045.0,12113445.0,12510645.0,-397200.0,-0.030297482837528603,2025-05-15,2025-07-15,False,False,True,False,False
median_sig3/all/90dates,request_12,False,101986.39,58786.39,65164.0,-6377.61,-0.09787014302375546,,2026-04-05,False,False,True,False,False
median_sig3/all/90dates,request_13,True,1793.8,493.8,433.4,60.4,0.06414613423959221,,2024-05-15,False,False,True,False,False
median_sig3/all/90dates,request_14,True,2828.34,628.34,597.74,30.6,0.005651804514055636,,,True,False,True,False,False
median_sig3/all/90dates,request_15,True,1206.55,6.55,83.05,-76.5,-0.020759837177747625,,,True,True,False,False,False
median_sig3/all/90dates,request_16,False,262433.0,122500.0,122500.0,0.0,0.0,2023-08-12,2023-08-12,True,False,False,False,False
median_sig3/all/90dates,request_17,True,409859.58,243759.58,243849.58,-90.0,-0.0003277494537509104,2026-03-15,2026-03-15,True,True,False,True,False
median_sig3/all/90dates,request_18,True,1951.9,551.9,462.0,89.9,0.02769477218816425,2026-09-15,2026-09-15,True,False,True,False,False
median_sig3/all/90dates,request_19,True,118220.0,25420.0,28820.0,-3400.0,-0.08572869389813415,2024-09-15,2024-09-15,True,True,False,False,False
median_sig3/all/90dates,request_20,True,73242.0,8742.0,5400.0,3342.0,0.011004280540006586,,,True,True,False,False,False
median_sig3/all/90dates,request_21,True,3475.55,1574.4,1543.35,31.05,0.01972179878048792,2026-04-03,2026-04-15,False,False,False,False,False
median_sig3/all/90dates,request_22,True,965.36,465.36,475.46,-10.1,-0.013807245386192707,2025-01-15,2025-01-15,True,True,False,False,False
median_sig3/all/90dates,request_23,True,35406.8,8406.8,9152.0,-745.2,-0.019602272727272746,2025-07-15,2025-07-15,True,True,False,False,False
median_sig3/all/90dates,request_24,True,64590.0,13590.0,13420.0,170.0,0.0015510948905109489,,,True,False,True,False,False
median_sig3/all/90dates,request_25,True,23701500.0,322400.0,1425000.0,-1102600.0,-0.018225998413118224,,,True,False,True,False,False
median_sig3/all/calendar,request_01,False,48324.6,25256.0,25256.0,0.0,0.0,2024-03-03,2024-03-03,True,False,False,False,False
median_sig3/all/calendar,request_02,True,47360839.2,18202439.2,17229139.2,973300.0,0.021150419401103914,2025-09-15,2025-09-15,True,True,False,False,False
median_sig3/all/calendar,request_03,True,3641600.0,972900.0,873000.0,99900.0,0.01819340739391732,2019-11-15,2019-11-15,True,False,True,False,False
median_sig3/all/calendar,request_04,True,41227100.0,10540500.0,8401800.0,2138700.0,0.16849444575750414,2024-06-15,2024-06-15,True,True,False,False,False
median_sig3/all/calendar,request_05,True,13903.0,803.0,737.0,66.0,0.004261363636363636,,,True,True,False,False,False
median_sig3/all/calendar,request_06,True,1317.4,517.4,603.3,-85.9,-0.1384590586718246,2026-01-15,2026-01-15,True,False,True,False,False
median_sig3/all/calendar,request_07,True,178500.56,85500.56,87170.56,-1670.0,-0.00845997973657548,2024-10-23,2024-10-23,True,False,True,False,False
median_sig3/all/calendar,request_08,True,1091.07,291.07,284.57,6.5,0.006522175396347581,2025-04-15,2025-04-15,True,False,True,True,False
median_sig3/all/calendar,request_09,False,824.7,166.61,166.61,0.0,0.0,2026-07-04,2026-07-04,True,False,False,False,False
median_sig3/all/calendar,request_10,True,261490.0,36090.0,12700.0,23390.0,0.08770153730783652,,,True,False,True,False,False
median_sig3/all/calendar,request_11,True,46254045.0,12113445.0,12510645.0,-397200.0,-0.030297482837528603,2025-05-15,2025-07-15,False,False,True,False,False
median_sig3/all/calendar,request_12,False,113778.39,65164.0,65164.0,0.0,0.0,2026-04-05,2026-04-05,True,True,False,True,False
median_sig3/all/calendar,request_13,True,1793.8,493.8,433.4,60.4,0.06414613423959221,2024-05-15,2024-05-15,True,False,True,True,False
median_sig3/all/calendar,request_14,True,2828.34,628.34,597.74,30.6,0.005651804514055636,,,True,False,True,False,False
median_sig3/all/calendar,request_15,True,1206.55,6.55,83.05,-76.5,-0.020759837177747625,,,True,True,False,False,False
median_sig3/all/calendar,request_16,False,262433.0,122500.0,122500.0,0.0,0.0,2023-08-12,2023-08-12,True,False,False,False,False
median_sig3/all/calendar,request_17,True,409859.58,243759.58,243849.58,-90.0,-0.0003277494537509104,2026-03-15,2026-03-15,True,True,False,True,False
median_sig3/all/calendar,request_18,True,1951.9,551.9,462.0,89.9,0.02769477218816425,2026-09-15,2026-09-15,True,False,True,False,False
median_sig3/all/calendar,request_19,True,118220.0,25420.0,28820.0,-3400.0,-0.08572869389813415,2024-09-15,2024-09-15,True,True,False,False,False
median_sig3/all/calendar,request_20,True,73242.0,8742.0,5400.0,3342.0,0.011004280540006586,,,True,True,False,False,False
median_sig3/all/calendar,request_21,True,3475.55,1574.4,1543.35,31.05,0.01972179878048792,2026-04-03,2026-04-15,False,False,False,False,False
median_sig3/all/calendar,request_22,True,965.36,465.36,475.46,-10.1,-0.013807245386192707,2025-01-15,2025-01-15,True,True,False,False,False
median_sig3/all/calendar,request_23,True,35406.8,8406.8,9152.0,-745.2,-0.019602272727272746,2025-07-15,2025-07-15,True,True,False,False,False
median_sig3/all/calendar,request_24,True,64590.0,13590.0,13420.0,170.0,0.0015510948905109489,,,True,False,True,False,False
median_sig3/all/calendar,request_25,True,23701500.0,322400.0,1425000.0,-1102600.0,-0.018225998413118224,,,True,False,True,False,False
trimmed20_sig1/all/90dates,request_01,False,47862.6,25256.0,25256.0,0.0,0.0,2024-03-03,2024-03-03,True,False,False,False,False
trimmed20_sig1/all/90dates,request_02,True,47190839.2,18032439.2,17229139.2,803300.0,0.017456212786301013,2025-09-15,2025-09-15,True,True,False,False,False
trimmed20_sig1/all/90dates,request_03,True,3536600.0,867900.0,873000.0,-5100.0,-0.0009287925696594427,2019-11-15,2019-11-15,True,True,False,False,False
trimmed20_sig1/all/90dates,request_04,True,40965100.0,10278500.0,8401800.0,1876700.0,0.14785314740408098,2024-06-15,2024-06-15,True,True,False,False,False
trimmed20_sig1/all/90dates,request_05,True,8894.0,0,737.0,-737.0,-0.04758522727272727,,,True,False,False,False,False
trimmed20_sig1/all/90dates,request_06,True,1298.3,498.3,603.3,-105.0,-0.16924564796905214,2026-02-15,2026-01-15,False,False,True,False,True
trimmed20_sig1/all/90dates,request_07,True,179290.56,86290.56,87170.56,-880.0,-0.004457953394123607,2024-10-23,2024-10-23,True,True,False,False,False
trimmed20_sig1/all/90dates,request_08,True,1082.57,282.57,284.57,-2.0,-0.002006823198876179,,2025-04-15,False,False,True,False,False
trimmed20_sig1/all/90dates,request_09,False,903.7,166.61,166.61,0.0,0.0,2026-07-04,2026-07-04,True,False,False,False,False
trimmed20_sig1/all/90dates,request_10,True,187190.0,0,12700.0,-12700.0,-0.047619047619047616,,,True,False,False,False,False
trimmed20_sig1/all/90dates,request_11,True,46984045.0,12843445.0,12510645.0,332800.0,0.025385202135774217,2025-05-15,2025-07-15,False,False,True,False,False
trimmed20_sig1/all/90dates,request_12,False,106856.39,63656.39,65164.0,-1507.61,-0.023135627033331295,,2026-04-05,False,True,False,False,False
trimmed20_sig1/all/90dates,request_13,True,1948.4,648.4,433.4,215.0,0.22833474936278675,,2024-05-15,False,False,True,False,False
trimmed20_sig1/all/90dates,request_14,True,2901.74,701.74,597.74,104.0,0.01920874736803221,,,True,False,True,False,False
trimmed20_sig1/all/90dates,request_15,True,1206.05,6.05,83.05,-77.0,-0.020895522388059702,,,True,True,False,False,False
trimmed20_sig1/all/90dates,request_16,False,265103.0,122500.0,122500.0,0.0,0.0,2023-08-12,2023-08-12,True,False,False,False,False
trimmed20_sig1/all/90dates,request_17,True,409189.58,243089.58,243849.58,-760.0,-0.002767662053896577,2026-04-15,2026-03-15,False,True,False,False,False
trimmed20_sig1/all/90dates,request_18,True,1910.0,510.0,462.0,48.0,0.014786975139398048,2026-09-15,2026-09-15,True,True,False,False,False
trimmed20_sig1/all/90dates,request_19,True,117200.0,24400.0,28820.0,-4420.0,-0.11144730206757439,2024-09-15,2024-09-15,True,False,True,False,False
trimmed20_sig1/all/90dates,request_20,True,73212.0,8712.0,5400.0,3312.0,0.010905498847546921,,,True,True,False,False,False
trimmed20_sig1/all/90dates,request_21,True,3520.35,1574.4,1543.35,31.05,0.01972179878048792,2026-04-03,2026-04-15,False,False,False,False,False
trimmed20_sig1/all/90dates,request_22,True,971.46,471.46,475.46,-4.0,-0.005468215994531784,2025-01-15,2025-01-15,True,True,False,False,False
trimmed20_sig1/all/90dates,request_23,True,35256.8,8256.8,9152.0,-895.2,-0.023547979797979818,,2025-07-15,False,False,True,False,True
trimmed20_sig1/all/90dates,request_24,True,66150.0,15150.0,13420.0,1730.0,0.015784671532846715,,,True,False,True,False,False
trimmed20_sig1/all/90dates,request_25,True,24358500.0,979400.0,1425000.0,-445600.0,-0.0073657762496694,,,True,True,False,False,False
trimmed20_sig1/all/calendar,request_01,False,47862.6,25256.0,25256.0,0.0,0.0,2024-03-03,2024-03-03,True,False,False,False,False
trimmed20_sig1/all/calendar,request_02,True,47190839.2,18032439.2,17229139.2,803300.0,0.017456212786301013,2025-09-15,2025-09-15,True,True,False,False,False
trimmed20_sig1/all/calendar,request_03,True,3536600.0,867900.0,873000.0,-5100.0,-0.0009287925696594427,2019-11-15,2019-11-15,True,True,False,False,False
trimmed20_sig1/all/calendar,request_04,True,40965100.0,10278500.0,8401800.0,1876700.0,0.14785314740408098,2024-06-15,2024-06-15,True,True,False,False,False
trimmed20_sig1/all/calendar,request_05,True,14566.0,1466.0,737.0,729.0,0.04706869834710744,,,True,True,False,False,False
trimmed20_sig1/all/calendar,request_06,True,1298.3,498.3,603.3,-105.0,-0.16924564796905214,2026-02-15,2026-01-15,False,False,True,False,True
trimmed20_sig1/all/calendar,request_07,True,179290.56,86290.56,87170.56,-880.0,-0.004457953394123607,2024-10-23,2024-10-23,True,True,False,False,False
trimmed20_sig1/all/calendar,request_08,True,1082.57,282.57,284.57,-2.0,-0.002006823198876179,2025-04-15,2025-04-15,True,False,True,True,False
trimmed20_sig1/all/calendar,request_09,False,903.7,166.61,166.61,0.0,0.0,2026-07-04,2026-07-04,True,False,False,False,False
trimmed20_sig1/all/calendar,request_10,True,256290.0,30890.0,12700.0,18190.0,0.0682039745031871,,,True,False,True,False,False
trimmed20_sig1/all/calendar,request_11,True,46984045.0,12843445.0,12510645.0,332800.0,0.025385202135774217,2025-05-15,2025-07-15,False,False,True,False,False
trimmed20_sig1/all/calendar,request_12,False,118648.39,65164.0,65164.0,0.0,0.0,2026-04-05,2026-04-05,True,True,False,True,False
trimmed20_sig1/all/calendar,request_13,True,1948.4,648.4,433.4,215.0,0.22833474936278675,2024-05-15,2024-05-15,True,False,True,True,False
trimmed20_sig1/all/calendar,request_14,True,2901.74,701.74,597.74,104.0,0.01920874736803221,,,True,False,True,False,False
trimmed20_sig1/all/calendar,request_15,True,1206.05,6.05,83.05,-77.0,-0.020895522388059702,,,True,True,False,False,False
trimmed20_sig1/all/calendar,request_16,False,265103.0,122500.0,122500.0,0.0,0.0,2023-08-12,2023-08-12,True,False,False,False,False
trimmed20_sig1/all/calendar,request_17,True,409189.58,243089.58,243849.58,-760.0,-0.002767662053896577,2026-04-15,2026-03-15,False,True,False,False,False
trimmed20_sig1/all/calendar,request_18,True,1910.0,510.0,462.0,48.0,0.014786975139398048,2026-09-15,2026-09-15,True,True,False,False,False
trimmed20_sig1/all/calendar,request_19,True,117200.0,24400.0,28820.0,-4420.0,-0.11144730206757439,2024-09-15,2024-09-15,True,False,True,False,False
trimmed20_sig1/all/calendar,request_20,True,73212.0,8712.0,5400.0,3312.0,0.010905498847546921,,,True,True,False,False,False
trimmed20_sig1/all/calendar,request_21,True,3520.35,1574.4,1543.35,31.05,0.01972179878048792,2026-04-03,2026-04-15,False,False,False,False,False
trimmed20_sig1/all/calendar,request_22,True,971.46,471.46,475.46,-4.0,-0.005468215994531784,2025-01-15,2025-01-15,True,True,False,False,False
trimmed20_sig1/all/calendar,request_23,True,35256.8,8256.8,9152.0,-895.2,-0.023547979797979818,2025-07-15,2025-07-15,True,False,True,False,False
trimmed20_sig1/all/calendar,request_24,True,66150.0,15150.0,13420.0,1730.0,0.015784671532846715,,,True,False,True,False,False
trimmed20_sig1/all/calendar,request_25,True,24358500.0,979400.0,1425000.0,-445600.0,-0.0073657762496694,,,True,True,False,False,False
trimmed20_sig2/all/90dates,request_01,False,48252.6,25256.0,25256.0,0.0,0.0,2024-03-03,2024-03-03,True,False,False,False,False
trimmed20_sig2/all/90dates,request_02,True,47490839.2,18332439.2,17229139.2,1103300.0,0.02397540093007084,2025-09-15,2025-09-15,True,True,False,False,False
trimmed20_sig2/all/90dates,request_03,True,3636600.0,967900.0,873000.0,94900.0,0.017282826443270807,2019-11-15,2019-11-15,True,True,False,False,False
trimmed20_sig2/all/90dates,request_04,True,41215100.0,10528500.0,8401800.0,2126700.0,0.16754904277948476,2024-06-15,2024-06-15,True,True,False,False,False
trimmed20_sig2/all/90dates,request_05,True,8344.0,0,737.0,-737.0,-0.04758522727272727,,,True,False,False,False,False
trimmed20_sig2/all/90dates,request_06,True,1323.3,523.3,603.3,-80.0,-0.1289490651192779,2026-01-15,2026-01-15,True,False,True,False,False
trimmed20_sig2/all/90dates,request_07,True,179090.56,86090.56,87170.56,-1080.0,-0.00547112462006079,2024-10-23,2024-10-23,True,False,True,False,False
trimmed20_sig2/all/90dates,request_08,True,1085.57,285.57,284.57,1.0,0.0010034115994380895,,2025-04-15,False,False,True,False,False
trimmed20_sig2/all/90dates,request_09,False,834.7,166.61,166.61,0.0,0.0,2026-07-04,2026-07-04,True,False,False,False,False
trimmed20_sig2/all/90dates,request_10,True,185090.0,0,12700.0,-12700.0,-0.047619047619047616,,,True,False,False,False,False
trimmed20_sig2/all/90dates,request_11,True,46484045.0,12343445.0,12510645.0,-167200.0,-0.012753623188405797,2025-05-15,2025-07-15,False,True,False,False,False
trimmed20_sig2/all/90dates,request_12,False,102856.39,59656.39,65164.0,-5507.61,-0.08451921306242711,,2026-04-05,False,False,True,False,False
trimmed20_sig2/all/90dates,request_13,True,1807.4,507.4,433.4,74.0,0.07858963466440101,,2024-05-15,False,False,True,False,False
trimmed20_sig2/all/90dates,request_14,True,2818.74,618.74,597.74,21.0,0.00387868937239112,,,True,False,True,False,False
trimmed20_sig2/all/90dates,request_15,True,1208.05,8.05,83.05,-75.0,-0.0203527815468114,,,True,True,False,False,False
trimmed20_sig2/all/90dates,request_16,False,261703.0,122500.0,122500.0,0.0,0.0,2023-08-12,2023-08-12,True,False,False,False,False
trimmed20_sig2/all/90dates,request_17,True,408889.58,242789.58,243849.58,-1060.0,-0.003860160233066278,2026-04-15,2026-03-15,False,False,True,False,False
trimmed20_sig2/all/90dates,request_18,True,1941.0,541.0,462.0,79.0,0.02433689658359262,2026-09-15,2026-09-15,True,True,False,False,False
trimmed20_sig2/all/90dates,request_19,True,118000.0,25200.0,28820.0,-3620.0,-0.09127584467977812,2024-09-15,2024-09-15,True,True,False,False,False
trimmed20_sig2/all/90dates,request_20,True,73312.0,8812.0,5400.0,3412.0,0.011234771155745801,,,True,True,False,False,False
trimmed20_sig2/all/90dates,request_21,True,3477.35,1574.4,1543.35,31.05,0.01972179878048792,2026-04-03,2026-04-15,False,False,False,False,False
trimmed20_sig2/all/90dates,request_22,True,964.46,464.46,475.46,-11.0,-0.015037593984962405,2025-01-15,2025-01-15,True,False,True,False,False
trimmed20_sig2/all/90dates,request_23,True,35356.8,8356.8,9152.0,-795.2,-0.020917508417508435,2025-07-15,2025-07-15,True,False,True,False,False
trimmed20_sig2/all/90dates,request_24,True,64450.0,13450.0,13420.0,30.0,0.0002737226277372263,,,True,True,False,False,False
trimmed20_sig2/all/90dates,request_25,True,23808500.0,429400.0,1425000.0,-995600.0,-0.016457286432160805,,,True,True,False,False,False
trimmed20_sig2/all/calendar,request_01,False,48252.6,25256.0,25256.0,0.0,0.0,2024-03-03,2024-03-03,True,False,False,False,False
trimmed20_sig2/all/calendar,request_02,True,47490839.2,18332439.2,17229139.2,1103300.0,0.02397540093007084,2025-09-15,2025-09-15,True,True,False,False,False
trimmed20_sig2/all/calendar,request_03,True,3636600.0,967900.0,873000.0,94900.0,0.017282826443270807,2019-11-15,2019-11-15,True,True,False,False,False
trimmed20_sig2/all/calendar,request_04,True,41215100.0,10528500.0,8401800.0,2126700.0,0.16754904277948476,2024-06-15,2024-06-15,True,True,False,False,False
trimmed20_sig2/all/calendar,request_05,True,14056.0,956.0,737.0,219.0,0.014139979338842975,,,True,True,False,False,False
trimmed20_sig2/all/calendar,request_06,True,1323.3,523.3,603.3,-80.0,-0.1289490651192779,2026-01-15,2026-01-15,True,False,True,False,False
trimmed20_sig2/all/calendar,request_07,True,179090.56,86090.56,87170.56,-1080.0,-0.00547112462006079,2024-10-23,2024-10-23,True,False,True,False,False
trimmed20_sig2/all/calendar,request_08,True,1085.57,285.57,284.57,1.0,0.0010034115994380895,2025-04-15,2025-04-15,True,False,True,True,False
trimmed20_sig2/all/calendar,request_09,False,834.7,166.61,166.61,0.0,0.0,2026-07-04,2026-07-04,True,False,False,False,False
trimmed20_sig2/all/calendar,request_10,True,254190.0,28790.0,12700.0,16090.0,0.06032995875515561,,,True,False,True,False,False
trimmed20_sig2/all/calendar,request_11,True,46484045.0,12343445.0,12510645.0,-167200.0,-0.012753623188405797,2025-05-15,2025-07-15,False,True,False,False,False
trimmed20_sig2/all/calendar,request_12,False,114648.39,65164.0,65164.0,0.0,0.0,2026-04-05,2026-04-05,True,True,False,True,False
trimmed20_sig2/all/calendar,request_13,True,1807.4,507.4,433.4,74.0,0.07858963466440101,2024-05-15,2024-05-15,True,False,True,True,False
trimmed20_sig2/all/calendar,request_14,True,2818.74,618.74,597.74,21.0,0.00387868937239112,,,True,False,True,False,False
trimmed20_sig2/all/calendar,request_15,True,1208.05,8.05,83.05,-75.0,-0.0203527815468114,,,True,True,False,False,False
trimmed20_sig2/all/calendar,request_16,False,261703.0,122500.0,122500.0,0.0,0.0,2023-08-12,2023-08-12,True,False,False,False,False
trimmed20_sig2/all/calendar,request_17,True,408889.58,242789.58,243849.58,-1060.0,-0.003860160233066278,2026-04-15,2026-03-15,False,False,True,False,False
trimmed20_sig2/all/calendar,request_18,True,1941.0,541.0,462.0,79.0,0.02433689658359262,2026-09-15,2026-09-15,True,True,False,False,False
trimmed20_sig2/all/calendar,request_19,True,118000.0,25200.0,28820.0,-3620.0,-0.09127584467977812,2024-09-15,2024-09-15,True,True,False,False,False
trimmed20_sig2/all/calendar,request_20,True,73312.0,8812.0,5400.0,3412.0,0.011234771155745801,,,True,True,False,False,False
trimmed20_sig2/all/calendar,request_21,True,3477.35,1574.4,1543.35,31.05,0.01972179878048792,2026-04-03,2026-04-15,False,False,False,False,False
trimmed20_sig2/all/calendar,request_22,True,964.46,464.46,475.46,-11.0,-0.015037593984962405,2025-01-15,2025-01-15,True,False,True,False,False
trimmed20_sig2/all/calendar,request_23,True,35356.8,8356.8,9152.0,-795.2,-0.020917508417508435,2025-07-15,2025-07-15,True,False,True,False,False
trimmed20_sig2/all/calendar,request_24,True,64450.0,13450.0,13420.0,30.0,0.0002737226277372263,,,True,True,False,False,False
trimmed20_sig2/all/calendar,request_25,True,23808500.0,429400.0,1425000.0,-995600.0,-0.016457286432160805,,,True,True,False,False,False
trimmed20_sig3/all/90dates,request_01,False,48259.6,25256.0,25256.0,0.0,0.0,2024-03-03,2024-03-03,True,False,False,False,False
trimmed20_sig3/all/90dates,request_02,True,47470839.2,18312439.2,17229139.2,1083300.0,0.023540788387152855,2025-09-15,2025-09-15,True,True,False,False,False
trimmed20_sig3/all/90dates,request_03,True,3638600.0,969900.0,873000.0,96900.0,0.01764705882352941,2019-11-15,2019-11-15,True,True,False,False,False
trimmed20_sig3/all/90dates,request_04,True,41258100.0,10571500.0,8401800.0,2169700.0,0.17093673678405422,2024-06-15,2024-06-15,True,True,False,False,False
trimmed20_sig3/all/90dates,request_05,True,8362.0,0,737.0,-737.0,-0.04758522727272727,,,True,False,False,False,False
trimmed20_sig3/all/90dates,request_06,True,1322.4,522.4,603.3,-80.9,-0.13039974210186972,2026-01-15,2026-01-15,True,False,True,False,False
trimmed20_sig3/all/90dates,request_07,True,179050.56,86050.56,87170.56,-1120.0,-0.005673758865248227,2024-10-23,2024-10-23,True,False,True,False,False
trimmed20_sig3/all/90dates,request_08,True,1086.67,286.67,284.57,2.1,0.002107164358820011,,2025-04-15,False,False,True,False,False
trimmed20_sig3/all/90dates,request_09,False,837.7,166.61,166.61,0.0,0.0,2026-07-04,2026-07-04,True,False,False,False,False
trimmed20_sig3/all/90dates,request_10,True,186720.0,0,12700.0,-12700.0,-0.047619047619047616,,,True,False,False,False,False
trimmed20_sig3/all/90dates,request_11,True,46394045.0,12253445.0,12510645.0,-257200.0,-0.0196186117467582,2025-05-15,2025-07-15,False,False,True,False,False
trimmed20_sig3/all/90dates,request_12,False,103126.39,59926.39,65164.0,-5237.61,-0.08037582100546314,,2026-04-05,False,False,True,False,False
trimmed20_sig3/all/90dates,request_13,True,1800.0,500.0,433.4,66.6,0.07073067119796093,,2024-05-15,False,False,True,False,False
trimmed20_sig3/all/90dates,request_14,True,2820.14,620.14,597.74,22.4,0.004137268663883857,,,True,False,True,False,False
trimmed20_sig3/all/90dates,request_15,True,1207.45,7.45,83.05,-75.6,-0.020515603799185888,,,True,True,False,False,False
trimmed20_sig3/all/90dates,request_16,False,261403.0,122500.0,122500.0,0.0,0.0,2023-08-12,2023-08-12,True,False,False,False,False
trimmed20_sig3/all/90dates,request_17,True,408939.58,242839.58,243849.58,-1010.0,-0.0036780772032046615,2026-04-15,2026-03-15,False,False,True,False,False
trimmed20_sig3/all/90dates,request_18,True,1946.3,546.3,462.0,84.3,0.025969625088567806,2026-09-15,2026-09-15,True,False,True,False,False
trimmed20_sig3/all/90dates,request_19,True,118060.0,25260.0,28820.0,-3560.0,-0.0897629853756934,2024-09-15,2024-09-15,True,True,False,False,False
trimmed20_sig3/all/90dates,request_20,True,73332.0,8832.0,5400.0,3432.0,0.011300625617385578,,,True,True,False,False,False
trimmed20_sig3/all/90dates,request_21,True,3474.45,1574.4,1543.35,31.05,0.01972179878048792,2026-04-03,2026-04-15,False,False,False,False,False
trimmed20_sig3/all/90dates,request_22,True,964.56,464.56,475.46,-10.9,-0.01490088858509908,2025-01-15,2025-01-15,True,False,True,False,False
trimmed20_sig3/all/90dates,request_23,True,35356.8,8356.8,9152.0,-795.2,-0.020917508417508435,2025-07-15,2025-07-15,True,False,True,False,False
trimmed20_sig3/all/90dates,request_24,True,64570.0,13570.0,13420.0,150.0,0.0013686131386861315,,,True,False,True,False,False
trimmed20_sig3/all/90dates,request_25,True,23726500.0,347400.0,1425000.0,-1077600.0,-0.017812747950277704,,,True,False,True,False,False
trimmed20_sig3/all/calendar,request_01,False,48259.6,25256.0,25256.0,0.0,0.0,2024-03-03,2024-03-03,True,False,False,False,False
trimmed20_sig3/all/calendar,request_02,True,47470839.2,18312439.2,17229139.2,1083300.0,0.023540788387152855,2025-09-15,2025-09-15,True,True,False,False,False
trimmed20_sig3/all/calendar,request_03,True,3638600.0,969900.0,873000.0,96900.0,0.01764705882352941,2019-11-15,2019-11-15,True,True,False,False,False
trimmed20_sig3/all/calendar,request_04,True,41258100.0,10571500.0,8401800.0,2169700.0,0.17093673678405422,2024-06-15,2024-06-15,True,True,False,False,False
trimmed20_sig3/all/calendar,request_05,True,14071.0,971.0,737.0,234.0,0.015108471074380165,,,True,True,False,False,False
trimmed20_sig3/all/calendar,request_06,True,1322.4,522.4,603.3,-80.9,-0.13039974210186972,2026-01-15,2026-01-15,True,False,True,False,False
trimmed20_sig3/all/calendar,request_07,True,179050.56,86050.56,87170.56,-1120.0,-0.005673758865248227,2024-10-23,2024-10-23,True,False,True,False,False
trimmed20_sig3/all/calendar,request_08,True,1086.67,286.67,284.57,2.1,0.002107164358820011,2025-04-15,2025-04-15,True,False,True,True,False
trimmed20_sig3/all/calendar,request_09,False,837.7,166.61,166.61,0.0,0.0,2026-07-04,2026-07-04,True,False,False,False,False
trimmed20_sig3/all/calendar,request_10,True,255820.0,30420.0,12700.0,17720.0,0.06644169478815148,,,True,False,True,False,False
trimmed20_sig3/all/calendar,request_11,True,46394045.0,12253445.0,12510645.0,-257200.0,-0.0196186117467582,2025-05-15,2025-07-15,False,False,True,False,False
trimmed20_sig3/all/calendar,request_12,False,114918.39,65164.0,65164.0,0.0,0.0,2026-04-05,2026-04-05,True,True,False,True,False
trimmed20_sig3/all/calendar,request_13,True,1800.0,500.0,433.4,66.6,0.07073067119796093,2024-05-15,2024-05-15,True,False,True,True,False
trimmed20_sig3/all/calendar,request_14,True,2820.14,620.14,597.74,22.4,0.004137268663883857,,,True,False,True,False,False
trimmed20_sig3/all/calendar,request_15,True,1207.45,7.45,83.05,-75.6,-0.020515603799185888,,,True,True,False,False,False
trimmed20_sig3/all/calendar,request_16,False,261403.0,122500.0,122500.0,0.0,0.0,2023-08-12,2023-08-12,True,False,False,False,False
trimmed20_sig3/all/calendar,request_17,True,408939.58,242839.58,243849.58,-1010.0,-0.0036780772032046615,2026-04-15,2026-03-15,False,False,True,False,False
trimmed20_sig3/all/calendar,request_18,True,1946.3,546.3,462.0,84.3,0.025969625088567806,2026-09-15,2026-09-15,True,False,True,False,False
trimmed20_sig3/all/calendar,request_19,True,118060.0,25260.0,28820.0,-3560.0,-0.0897629853756934,2024-09-15,2024-09-15,True,True,False,False,False
trimmed20_sig3/all/calendar,request_20,True,73332.0,8832.0,5400.0,3432.0,0.011300625617385578,,,True,True,False,False,False
trimmed20_sig3/all/calendar,request_21,True,3474.45,1574.4,1543.35,31.05,0.01972179878048792,2026-04-03,2026-04-15,False,False,False,False,False
trimmed20_sig3/all/calendar,request_22,True,964.56,464.56,475.46,-10.9,-0.01490088858509908,2025-01-15,2025-01-15,True,False,True,False,False
trimmed20_sig3/all/calendar,request_23,True,35356.8,8356.8,9152.0,-795.2,-0.020917508417508435,2025-07-15,2025-07-15,True,False,True,False,False
trimmed20_sig3/all/calendar,request_24,True,64570.0,13570.0,13420.0,150.0,0.0013686131386861315,,,True,False,True,False,False
trimmed20_sig3/all/calendar,request_25,True,23726500.0,347400.0,1425000.0,-1077600.0,-0.017812747950277704,,,True,False,True,False,False
winsor20_sig1/all/90dates,request_01,False,47862.6,25256.0,25256.0,0.0,0.0,2024-03-03,2024-03-03,True,False,False,False,False
winsor20_sig1/all/90dates,request_02,True,47190839.2,18032439.2,17229139.2,803300.0,0.017456212786301013,2025-09-15,2025-09-15,True,True,False,False,False
winsor20_sig1/all/90dates,request_03,True,3536600.0,867900.0,873000.0,-5100.0,-0.0009287925696594427,2019-11-15,2019-11-15,True,True,False,False,False
winsor20_sig1/all/90dates,request_04,True,40965100.0,10278500.0,8401800.0,1876700.0,0.14785314740408098,2024-06-15,2024-06-15,True,True,False,False,False
winsor20_sig1/all/90dates,request_05,True,8894.0,0,737.0,-737.0,-0.04758522727272727,,,True,False,False,False,False
winsor20_sig1/all/90dates,request_06,True,1298.3,498.3,603.3,-105.0,-0.16924564796905214,2026-02-15,2026-01-15,False,False,True,False,True
winsor20_sig1/all/90dates,request_07,True,179290.56,86290.56,87170.56,-880.0,-0.004457953394123607,2024-10-23,2024-10-23,True,True,False,False,False
winsor20_sig1/all/90dates,request_08,True,1082.57,282.57,284.57,-2.0,-0.002006823198876179,,2025-04-15,False,False,True,False,False
winsor20_sig1/all/90dates,request_09,False,903.7,166.61,166.61,0.0,0.0,2026-07-04,2026-07-04,True,False,False,False,False
winsor20_sig1/all/90dates,request_10,True,187190.0,0,12700.0,-12700.0,-0.047619047619047616,,,True,False,False,False,False
winsor20_sig1/all/90dates,request_11,True,46984045.0,12843445.0,12510645.0,332800.0,0.025385202135774217,2025-05-15,2025-07-15,False,False,True,False,False
winsor20_sig1/all/90dates,request_12,False,106856.39,63656.39,65164.0,-1507.61,-0.023135627033331295,,2026-04-05,False,True,False,False,False
winsor20_sig1/all/90dates,request_13,True,1948.4,648.4,433.4,215.0,0.22833474936278675,,2024-05-15,False,False,True,False,False
winsor20_sig1/all/90dates,request_14,True,2901.74,701.74,597.74,104.0,0.01920874736803221,,,True,False,True,False,False
winsor20_sig1/all/90dates,request_15,True,1206.05,6.05,83.05,-77.0,-0.020895522388059702,,,True,True,False,False,False
winsor20_sig1/all/90dates,request_16,False,265103.0,122500.0,122500.0,0.0,0.0,2023-08-12,2023-08-12,True,False,False,False,False
winsor20_sig1/all/90dates,request_17,True,409189.58,243089.58,243849.58,-760.0,-0.002767662053896577,2026-04-15,2026-03-15,False,True,False,False,False
winsor20_sig1/all/90dates,request_18,True,1910.0,510.0,462.0,48.0,0.014786975139398048,2026-09-15,2026-09-15,True,True,False,False,False
winsor20_sig1/all/90dates,request_19,True,117200.0,24400.0,28820.0,-4420.0,-0.11144730206757439,2024-09-15,2024-09-15,True,False,True,False,False
winsor20_sig1/all/90dates,request_20,True,73212.0,8712.0,5400.0,3312.0,0.010905498847546921,,,True,True,False,False,False
winsor20_sig1/all/90dates,request_21,True,3520.35,1574.4,1543.35,31.05,0.01972179878048792,2026-04-03,2026-04-15,False,False,False,False,False
winsor20_sig1/all/90dates,request_22,True,971.46,471.46,475.46,-4.0,-0.005468215994531784,2025-01-15,2025-01-15,True,True,False,False,False
winsor20_sig1/all/90dates,request_23,True,35256.8,8256.8,9152.0,-895.2,-0.023547979797979818,,2025-07-15,False,False,True,False,True
winsor20_sig1/all/90dates,request_24,True,66150.0,15150.0,13420.0,1730.0,0.015784671532846715,,,True,False,True,False,False
winsor20_sig1/all/90dates,request_25,True,24358500.0,979400.0,1425000.0,-445600.0,-0.0073657762496694,,,True,True,False,False,False
winsor20_sig1/all/calendar,request_01,False,47862.6,25256.0,25256.0,0.0,0.0,2024-03-03,2024-03-03,True,False,False,False,False
winsor20_sig1/all/calendar,request_02,True,47190839.2,18032439.2,17229139.2,803300.0,0.017456212786301013,2025-09-15,2025-09-15,True,True,False,False,False
winsor20_sig1/all/calendar,request_03,True,3536600.0,867900.0,873000.0,-5100.0,-0.0009287925696594427,2019-11-15,2019-11-15,True,True,False,False,False
winsor20_sig1/all/calendar,request_04,True,40965100.0,10278500.0,8401800.0,1876700.0,0.14785314740408098,2024-06-15,2024-06-15,True,True,False,False,False
winsor20_sig1/all/calendar,request_05,True,14566.0,1466.0,737.0,729.0,0.04706869834710744,,,True,True,False,False,False
winsor20_sig1/all/calendar,request_06,True,1298.3,498.3,603.3,-105.0,-0.16924564796905214,2026-02-15,2026-01-15,False,False,True,False,True
winsor20_sig1/all/calendar,request_07,True,179290.56,86290.56,87170.56,-880.0,-0.004457953394123607,2024-10-23,2024-10-23,True,True,False,False,False
winsor20_sig1/all/calendar,request_08,True,1082.57,282.57,284.57,-2.0,-0.002006823198876179,2025-04-15,2025-04-15,True,False,True,True,False
winsor20_sig1/all/calendar,request_09,False,903.7,166.61,166.61,0.0,0.0,2026-07-04,2026-07-04,True,False,False,False,False
winsor20_sig1/all/calendar,request_10,True,256290.0,30890.0,12700.0,18190.0,0.0682039745031871,,,True,False,True,False,False
winsor20_sig1/all/calendar,request_11,True,46984045.0,12843445.0,12510645.0,332800.0,0.025385202135774217,2025-05-15,2025-07-15,False,False,True,False,False
winsor20_sig1/all/calendar,request_12,False,118648.39,65164.0,65164.0,0.0,0.0,2026-04-05,2026-04-05,True,True,False,True,False
winsor20_sig1/all/calendar,request_13,True,1948.4,648.4,433.4,215.0,0.22833474936278675,2024-05-15,2024-05-15,True,False,True,True,False
winsor20_sig1/all/calendar,request_14,True,2901.74,701.74,597.74,104.0,0.01920874736803221,,,True,False,True,False,False
winsor20_sig1/all/calendar,request_15,True,1206.05,6.05,83.05,-77.0,-0.020895522388059702,,,True,True,False,False,False
winsor20_sig1/all/calendar,request_16,False,265103.0,122500.0,122500.0,0.0,0.0,2023-08-12,2023-08-12,True,False,False,False,False
winsor20_sig1/all/calendar,request_17,True,409189.58,243089.58,243849.58,-760.0,-0.002767662053896577,2026-04-15,2026-03-15,False,True,False,False,False
winsor20_sig1/all/calendar,request_18,True,1910.0,510.0,462.0,48.0,0.014786975139398048,2026-09-15,2026-09-15,True,True,False,False,False
winsor20_sig1/all/calendar,request_19,True,117200.0,24400.0,28820.0,-4420.0,-0.11144730206757439,2024-09-15,2024-09-15,True,False,True,False,False
winsor20_sig1/all/calendar,request_20,True,73212.0,8712.0,5400.0,3312.0,0.010905498847546921,,,True,True,False,False,False
winsor20_sig1/all/calendar,request_21,True,3520.35,1574.4,1543.35,31.05,0.01972179878048792,2026-04-03,2026-04-15,False,False,False,False,False
winsor20_sig1/all/calendar,request_22,True,971.46,471.46,475.46,-4.0,-0.005468215994531784,2025-01-15,2025-01-15,True,True,False,False,False
winsor20_sig1/all/calendar,request_23,True,35256.8,8256.8,9152.0,-895.2,-0.023547979797979818,2025-07-15,2025-07-15,True,False,True,False,False
winsor20_sig1/all/calendar,request_24,True,66150.0,15150.0,13420.0,1730.0,0.015784671532846715,,,True,False,True,False,False
winsor20_sig1/all/calendar,request_25,True,24358500.0,979400.0,1425000.0,-445600.0,-0.0073657762496694,,,True,True,False,False,False
winsor20_sig2/all/90dates,request_01,False,48242.6,25256.0,25256.0,0.0,0.0,2024-03-03,2024-03-03,True,False,False,False,False
winsor20_sig2/all/90dates,request_02,True,47490839.2,18332439.2,17229139.2,1103300.0,0.02397540093007084,2025-09-15,2025-09-15,True,True,False,False,False
winsor20_sig2/all/90dates,request_03,True,3646600.0,977900.0,873000.0,104900.0,0.01910398834456383,2019-11-15,2019-11-15,True,False,True,False,False
winsor20_sig2/all/90dates,request_04,True,41325100.0,10638500.0,8401800.0,2236700.0,0.1762152367446624,2024-06-15,2024-06-15,True,False,True,False,False
winsor20_sig2/all/90dates,request_05,True,8314.0,0,737.0,-737.0,-0.04758522727272727,,,True,False,False,False,False
winsor20_sig2/all/90dates,request_06,True,1324.3,524.3,603.3,-79.0,-0.1273372018052869,2026-01-15,2026-01-15,True,True,False,False,False
winsor20_sig2/all/90dates,request_07,True,179290.56,86290.56,87170.56,-880.0,-0.004457953394123607,2024-10-23,2024-10-23,True,True,False,False,False
winsor20_sig2/all/90dates,request_08,True,1084.57,284.57,284.57,0.0,0.0,,2025-04-15,False,True,False,False,False
winsor20_sig2/all/90dates,request_09,False,835.7,166.61,166.61,0.0,0.0,2026-07-04,2026-07-04,True,False,False,False,False
winsor20_sig2/all/90dates,request_10,True,185090.0,0,12700.0,-12700.0,-0.047619047619047616,,,True,False,False,False,False
winsor20_sig2/all/90dates,request_11,True,46484045.0,12343445.0,12510645.0,-167200.0,-0.012753623188405797,2025-05-15,2025-07-15,False,True,False,False,False
winsor20_sig2/all/90dates,request_12,False,103756.39,60556.39,65164.0,-4607.61,-0.07070790620588055,,2026-04-05,False,True,False,False,False
winsor20_sig2/all/90dates,request_13,True,1806.4,506.4,433.4,73.0,0.07752761257434154,,2024-05-15,False,False,True,False,False
winsor20_sig2/all/90dates,request_14,True,2818.74,618.74,597.74,21.0,0.00387868937239112,,,True,False,True,False,False
winsor20_sig2/all/90dates,request_15,True,1207.05,7.05,83.05,-76.0,-0.02062415196743555,,,True,True,False,False,False
winsor20_sig2/all/90dates,request_16,False,262203.0,122500.0,122500.0,0.0,0.0,2023-08-12,2023-08-12,True,False,False,False,False
winsor20_sig2/all/90dates,request_17,True,408889.58,242789.58,243849.58,-1060.0,-0.003860160233066278,2026-04-15,2026-03-15,False,False,True,False,False
winsor20_sig2/all/90dates,request_18,True,1941.0,541.0,462.0,79.0,0.02433689658359262,2026-09-15,2026-09-15,True,True,False,False,False
winsor20_sig2/all/90dates,request_19,True,118000.0,25200.0,28820.0,-3620.0,-0.09127584467977812,2024-09-15,2024-09-15,True,True,False,False,False
winsor20_sig2/all/90dates,request_20,True,73412.0,8912.0,5400.0,3512.0,0.011564043463944683,,,True,False,True,False,False
winsor20_sig2/all/90dates,request_21,True,3477.35,1574.4,1543.35,31.05,0.01972179878048792,2026-04-03,2026-04-15,False,False,False,False,False
winsor20_sig2/all/90dates,request_22,True,965.46,465.46,475.46,-10.0,-0.01367053998632946,2025-01-15,2025-01-15,True,True,False,False,False
winsor20_sig2/all/90dates,request_23,True,35356.8,8356.8,9152.0,-795.2,-0.020917508417508435,2025-07-15,2025-07-15,True,False,True,False,False
winsor20_sig2/all/90dates,request_24,True,64450.0,13450.0,13420.0,30.0,0.0002737226277372263,,,True,True,False,False,False
winsor20_sig2/all/90dates,request_25,True,23798500.0,419400.0,1425000.0,-1005600.0,-0.01662258661729701,,,True,True,False,False,False
winsor20_sig2/all/calendar,request_01,False,48242.6,25256.0,25256.0,0.0,0.0,2024-03-03,2024-03-03,True,False,False,False,False
winsor20_sig2/all/calendar,request_02,True,47490839.2,18332439.2,17229139.2,1103300.0,0.02397540093007084,2025-09-15,2025-09-15,True,True,False,False,False
winsor20_sig2/all/calendar,request_03,True,3646600.0,977900.0,873000.0,104900.0,0.01910398834456383,2019-11-15,2019-11-15,True,False,True,False,False
winsor20_sig2/all/calendar,request_04,True,41325100.0,10638500.0,8401800.0,2236700.0,0.1762152367446624,2024-06-15,2024-06-15,True,False,True,False,False
winsor20_sig2/all/calendar,request_05,True,14026.0,926.0,737.0,189.0,0.012202995867768594,,,True,True,False,False,False
winsor20_sig2/all/calendar,request_06,True,1324.3,524.3,603.3,-79.0,-0.1273372018052869,2026-01-15,2026-01-15,True,True,False,False,False
winsor20_sig2/all/calendar,request_07,True,179290.56,86290.56,87170.56,-880.0,-0.004457953394123607,2024-10-23,2024-10-23,True,True,False,False,False
winsor20_sig2/all/calendar,request_08,True,1084.57,284.57,284.57,0.0,0.0,2025-04-15,2025-04-15,True,True,False,True,False
winsor20_sig2/all/calendar,request_09,False,835.7,166.61,166.61,0.0,0.0,2026-07-04,2026-07-04,True,False,False,False,False
winsor20_sig2/all/calendar,request_10,True,254190.0,28790.0,12700.0,16090.0,0.06032995875515561,,,True,False,True,False,False
winsor20_sig2/all/calendar,request_11,True,46484045.0,12343445.0,12510645.0,-167200.0,-0.012753623188405797,2025-05-15,2025-07-15,False,True,False,False,False
winsor20_sig2/all/calendar,request_12,False,115548.39,65164.0,65164.0,0.0,0.0,2026-04-05,2026-04-05,True,True,False,True,False
winsor20_sig2/all/calendar,request_13,True,1806.4,506.4,433.4,73.0,0.07752761257434154,2024-05-15,2024-05-15,True,False,True,True,False
winsor20_sig2/all/calendar,request_14,True,2818.74,618.74,597.74,21.0,0.00387868937239112,,,True,False,True,False,False
winsor20_sig2/all/calendar,request_15,True,1207.05,7.05,83.05,-76.0,-0.02062415196743555,,,True,True,False,False,False
winsor20_sig2/all/calendar,request_16,False,262203.0,122500.0,122500.0,0.0,0.0,2023-08-12,2023-08-12,True,False,False,False,False
winsor20_sig2/all/calendar,request_17,True,408889.58,242789.58,243849.58,-1060.0,-0.003860160233066278,2026-04-15,2026-03-15,False,False,True,False,False
winsor20_sig2/all/calendar,request_18,True,1941.0,541.0,462.0,79.0,0.02433689658359262,2026-09-15,2026-09-15,True,True,False,False,False
winsor20_sig2/all/calendar,request_19,True,118000.0,25200.0,28820.0,-3620.0,-0.09127584467977812,2024-09-15,2024-09-15,True,True,False,False,False
winsor20_sig2/all/calendar,request_20,True,73412.0,8912.0,5400.0,3512.0,0.011564043463944683,,,True,False,True,False,False
winsor20_sig2/all/calendar,request_21,True,3477.35,1574.4,1543.35,31.05,0.01972179878048792,2026-04-03,2026-04-15,False,False,False,False,False
winsor20_sig2/all/calendar,request_22,True,965.46,465.46,475.46,-10.0,-0.01367053998632946,2025-01-15,2025-01-15,True,True,False,False,False
winsor20_sig2/all/calendar,request_23,True,35356.8,8356.8,9152.0,-795.2,-0.020917508417508435,2025-07-15,2025-07-15,True,False,True,False,False
winsor20_sig2/all/calendar,request_24,True,64450.0,13450.0,13420.0,30.0,0.0002737226277372263,,,True,True,False,False,False
winsor20_sig2/all/calendar,request_25,True,23798500.0,419400.0,1425000.0,-1005600.0,-0.01662258661729701,,,True,True,False,False,False
winsor20_sig3/all/90dates,request_01,False,48254.6,25256.0,25256.0,0.0,0.0,2024-03-03,2024-03-03,True,False,False,False,False
winsor20_sig3/all/90dates,request_02,True,47470839.2,18312439.2,17229139.2,1083300.0,0.023540788387152855,2025-09-15,2025-09-15,True,True,False,False,False
winsor20_sig3/all/90dates,request_03,True,3639600.0,970900.0,873000.0,97900.0,0.017829175013658716,2019-11-15,2019-11-15,True,True,False,False,False
winsor20_sig3/all/90dates,request_04,True,41280100.0,10593500.0,8401800.0,2191700.0,0.17266997557708974,2024-06-15,2024-06-15,True,True,False,False,False
winsor20_sig3/all/90dates,request_05,True,8374.0,0,737.0,-737.0,-0.04758522727272727,,,True,False,False,False,False
winsor20_sig3/all/90dates,request_06,True,1324.6,524.6,603.3,-78.7,-0.12685364281108952,2026-01-15,2026-01-15,True,True,False,False,False
winsor20_sig3/all/90dates,request_07,True,179240.56,86240.56,87170.56,-930.0,-0.004711246200607902,2024-10-23,2024-10-23,True,True,False,False,False
winsor20_sig3/all/90dates,request_08,True,1085.37,285.37,284.57,0.8,0.000802729279550483,,2025-04-15,False,False,True,False,False
winsor20_sig3/all/90dates,request_09,False,840.2,166.61,166.61,0.0,0.0,2026-07-04,2026-07-04,True,False,False,False,False
winsor20_sig3/all/90dates,request_10,True,188280.0,0,12700.0,-12700.0,-0.047619047619047616,,,True,False,False,False,False
winsor20_sig3/all/90dates,request_11,True,46444045.0,12303445.0,12510645.0,-207200.0,-0.0158047292143402,2025-05-15,2025-07-15,False,False,True,False,False
winsor20_sig3/all/90dates,request_12,False,103546.39,60346.39,65164.0,-4817.61,-0.07393054447240809,,2026-04-05,False,False,True,False,False
winsor20_sig3/all/90dates,request_13,True,1803.8,503.8,433.4,70.4,0.07476635514018695,,2024-05-15,False,False,True,False,False
winsor20_sig3/all/90dates,request_14,True,2817.54,617.54,597.74,19.8,0.0036570499796830472,,,True,False,True,False,False
winsor20_sig3/all/90dates,request_15,True,1206.75,6.75,83.05,-76.3,-0.020705563093622793,,,True,True,False,False,False
winsor20_sig3/all/90dates,request_16,False,261533.0,122500.0,122500.0,0.0,0.0,2023-08-12,2023-08-12,True,False,False,False,False
winsor20_sig3/all/90dates,request_17,True,408969.58,242869.58,243849.58,-980.0,-0.003568827385287691,2026-04-15,2026-03-15,False,False,True,False,False
winsor20_sig3/all/90dates,request_18,True,1944.0,544.0,462.0,82.0,0.025261082529805,2026-09-15,2026-09-15,True,True,False,False,False
winsor20_sig3/all/90dates,request_19,True,118060.0,25260.0,28820.0,-3560.0,-0.0897629853756934,2024-09-15,2024-09-15,True,True,False,False,False
winsor20_sig3/all/90dates,request_20,True,73372.0,8872.0,5400.0,3472.0,0.01143233454066513,,,True,False,True,False,False
winsor20_sig3/all/90dates,request_21,True,3474.05,1574.4,1543.35,31.05,0.01972179878048792,2026-04-03,2026-04-15,False,False,False,False,False
winsor20_sig3/all/90dates,request_22,True,964.66,464.66,475.46,-10.8,-0.014764183185235754,2025-01-15,2025-01-15,True,True,False,False,False
winsor20_sig3/all/90dates,request_23,True,35336.8,8336.8,9152.0,-815.2,-0.021443602693602713,2025-07-15,2025-07-15,True,False,True,False,False
winsor20_sig3/all/90dates,request_24,True,64610.0,13610.0,13420.0,190.0,0.0017335766423357665,,,True,False,True,False,False
winsor20_sig3/all/90dates,request_25,True,23731500.0,352400.0,1425000.0,-1072600.0,-0.0177300978577096,,,True,False,True,False,False
winsor20_sig3/all/calendar,request_01,False,48254.6,25256.0,25256.0,0.0,0.0,2024-03-03,2024-03-03,True,False,False,False,False
winsor20_sig3/all/calendar,request_02,True,47470839.2,18312439.2,17229139.2,1083300.0,0.023540788387152855,2025-09-15,2025-09-15,True,True,False,False,False
winsor20_sig3/all/calendar,request_03,True,3639600.0,970900.0,873000.0,97900.0,0.017829175013658716,2019-11-15,2019-11-15,True,True,False,False,False
winsor20_sig3/all/calendar,request_04,True,41280100.0,10593500.0,8401800.0,2191700.0,0.17266997557708974,2024-06-15,2024-06-15,True,True,False,False,False
winsor20_sig3/all/calendar,request_05,True,14083.0,983.0,737.0,246.0,0.015883264462809916,,,True,True,False,False,False
winsor20_sig3/all/calendar,request_06,True,1324.6,524.6,603.3,-78.7,-0.12685364281108952,2026-01-15,2026-01-15,True,True,False,False,False
winsor20_sig3/all/calendar,request_07,True,179240.56,86240.56,87170.56,-930.0,-0.004711246200607902,2024-10-23,2024-10-23,True,True,False,False,False
winsor20_sig3/all/calendar,request_08,True,1085.37,285.37,284.57,0.8,0.000802729279550483,2025-04-15,2025-04-15,True,False,True,True,False
winsor20_sig3/all/calendar,request_09,False,840.2,166.61,166.61,0.0,0.0,2026-07-04,2026-07-04,True,False,False,False,False
winsor20_sig3/all/calendar,request_10,True,257380.0,31980.0,12700.0,19280.0,0.0722909636295463,,,True,False,True,False,False
winsor20_sig3/all/calendar,request_11,True,46444045.0,12303445.0,12510645.0,-207200.0,-0.0158047292143402,2025-05-15,2025-07-15,False,False,True,False,False
winsor20_sig3/all/calendar,request_12,False,115338.39,65164.0,65164.0,0.0,0.0,2026-04-05,2026-04-05,True,True,False,True,False
winsor20_sig3/all/calendar,request_13,True,1803.8,503.8,433.4,70.4,0.07476635514018695,2024-05-15,2024-05-15,True,False,True,True,False
winsor20_sig3/all/calendar,request_14,True,2817.54,617.54,597.74,19.8,0.0036570499796830472,,,True,False,True,False,False
winsor20_sig3/all/calendar,request_15,True,1206.75,6.75,83.05,-76.3,-0.020705563093622793,,,True,True,False,False,False
winsor20_sig3/all/calendar,request_16,False,261533.0,122500.0,122500.0,0.0,0.0,2023-08-12,2023-08-12,True,False,False,False,False
winsor20_sig3/all/calendar,request_17,True,408969.58,242869.58,243849.58,-980.0,-0.003568827385287691,2026-04-15,2026-03-15,False,False,True,False,False
winsor20_sig3/all/calendar,request_18,True,1944.0,544.0,462.0,82.0,0.025261082529805,2026-09-15,2026-09-15,True,True,False,False,False
winsor20_sig3/all/calendar,request_19,True,118060.0,25260.0,28820.0,-3560.0,-0.0897629853756934,2024-09-15,2024-09-15,True,True,False,False,False
winsor20_sig3/all/calendar,request_20,True,73372.0,8872.0,5400.0,3472.0,0.01143233454066513,,,True,False,True,False,False
winsor20_sig3/all/calendar,request_21,True,3474.05,1574.4,1543.35,31.05,0.01972179878048792,2026-04-03,2026-04-15,False,False,False,False,False
winsor20_sig3/all/calendar,request_22,True,964.66,464.66,475.46,-10.8,-0.014764183185235754,2025-01-15,2025-01-15,True,True,False,False,False
winsor20_sig3/all/calendar,request_23,True,35336.8,8336.8,9152.0,-815.2,-0.021443602693602713,2025-07-15,2025-07-15,True,False,True,False,False
winsor20_sig3/all/calendar,request_24,True,64610.0,13610.0,13420.0,190.0,0.0017335766423357665,,,True,False,True,False,False
winsor20_sig3/all/calendar,request_25,True,23731500.0,352400.0,1425000.0,-1072600.0,-0.0177300978577096,,,True,False,True,False,False
mean/fixed_protected/90dates,request_01,False,49637.36,25256.0,25256.0,0.0,0.0,2024-03-03,2024-03-03,True,False,False,False,False
mean/fixed_protected/90dates,request_02,True,47864715.49,18706315.49,17229139.2,1477176.29,0.03209996718675299,2025-09-15,2025-09-15,True,False,True,False,False
mean/fixed_protected/90dates,request_03,True,3947834.75,1279134.75,873000.0,406134.75,0.07396371334911674,2019-11-15,2019-11-15,True,False,True,False,False
mean/fixed_protected/90dates,request_04,True,43013587.42,12326987.42,8401800.0,3925187.42,0.30924032301268417,2024-06-15,2024-06-15,True,False,True,False,False
mean/fixed_protected/90dates,request_05,True,10108.6,0,737.0,-737.0,-0.04758522727272727,,,True,False,False,False,False
mean/fixed_protected/90dates,request_06,True,1342.82,542.82,603.3,-60.48,-0.09748549323017393,2026-01-15,2026-01-15,True,True,False,False,False
mean/fixed_protected/90dates,request_07,True,186169.53,93169.53,87170.56,5998.97,0.03038991894630193,2024-10-23,2024-10-23,True,False,True,False,False
mean/fixed_protected/90dates,request_08,True,1174.04,374.04,284.57,89.47,0.08977523580172589,2025-04-15,2025-04-15,True,False,True,True,False
mean/fixed_protected/90dates,request_09,False,841.96,166.61,166.61,0.0,0.0,2026-07-04,2026-07-04,True,False,False,False,False
mean/fixed_protected/90dates,request_10,True,284454.04,59054.04,12700.0,46354.04,0.17380592425946756,,,True,False,True,False,False
mean/fixed_protected/90dates,request_11,True,47978639.17,13110000.0,12510645.0,599355.0,0.04571739130434783,2025-05-03,2025-07-15,False,False,True,False,False
mean/fixed_protected/90dates,request_12,False,120882.7,65164.0,65164.0,0.0,0.0,2026-04-05,2026-04-05,True,True,False,True,False
mean/fixed_protected/90dates,request_13,True,2123.78,823.78,433.4,390.38,0.41459218351741717,2024-05-15,2024-05-15,True,False,True,True,False
mean/fixed_protected/90dates,request_14,True,2959.76,759.76,597.74,162.02,0.029925012005467103,,,True,False,True,False,False
mean/fixed_protected/90dates,request_15,True,1245.92,45.92,83.05,-37.13,-0.010075983717774762,,,True,True,False,False,False
mean/fixed_protected/90dates,request_16,False,261510.89,122500.0,122500.0,0.0,0.0,2023-08-12,2023-08-12,True,False,False,False,False
mean/fixed_protected/90dates,request_17,True,418631.35,252531.35,243849.58,8681.77,0.031616059723233864,2026-03-15,2026-03-15,True,False,True,True,False
mean/fixed_protected/90dates,request_18,True,2014.05,614.05,462.0,152.05,0.046840824373864005,2026-08-15,2026-09-15,False,False,True,False,True
mean/fixed_protected/90dates,request_19,True,124205.02,31405.02,28820.0,2585.02,0.0651795259707514,2024-09-15,2024-09-15,True,True,False,False,False
mean/fixed_protected/90dates,request_20,True,75864.95,11364.95,5400.0,5964.95,0.019640928547909123,,,True,False,True,False,False
mean/fixed_protected/90dates,request_21,True,3653.54,1574.4,1543.35,31.05,0.01972179878048792,2026-04-03,2026-04-15,False,False,False,False,False
mean/fixed_protected/90dates,request_22,True,987.62,487.62,475.46,12.16,0.016623376623376658,2025-01-15,2025-01-15,True,False,True,False,False
mean/fixed_protected/90dates,request_23,True,36971.8,9971.8,9152.0,819.8,0.02156460437710436,2025-07-15,2025-07-15,True,False,True,False,False
mean/fixed_protected/90dates,request_24,True,67948.33,16948.33,13420.0,3528.33,0.032192791970802936,,,True,False,True,False,False
mean/fixed_protected/90dates,request_25,True,23755183.4,376083.4,1425000.0,-1048916.6,-0.017338610817244117,,,True,False,False,False,False
mean/fixed_protected/calendar,request_01,False,49637.36,25256.0,25256.0,0.0,0.0,2024-03-03,2024-03-03,True,False,False,False,False
mean/fixed_protected/calendar,request_02,True,47864715.49,18706315.49,17229139.2,1477176.29,0.03209996718675299,2025-09-15,2025-09-15,True,False,True,False,False
mean/fixed_protected/calendar,request_03,True,3947834.75,1279134.75,873000.0,406134.75,0.07396371334911674,2019-11-15,2019-11-15,True,False,True,False,False
mean/fixed_protected/calendar,request_04,True,43013587.42,12326987.42,8401800.0,3925187.42,0.30924032301268417,2024-06-15,2024-06-15,True,False,True,False,False
mean/fixed_protected/calendar,request_05,True,15802.3,2702.3,737.0,1965.3,0.12689178719008265,,,True,False,True,False,False
mean/fixed_protected/calendar,request_06,True,1342.82,542.82,603.3,-60.48,-0.09748549323017393,2026-01-15,2026-01-15,True,True,False,False,False
mean/fixed_protected/calendar,request_07,True,186169.53,93169.53,87170.56,5998.97,0.03038991894630193,2024-10-23,2024-10-23,True,False,True,False,False
mean/fixed_protected/calendar,request_08,True,1174.04,374.04,284.57,89.47,0.08977523580172589,2025-04-15,2025-04-15,True,False,True,True,False
mean/fixed_protected/calendar,request_09,False,841.96,166.61,166.61,0.0,0.0,2026-07-04,2026-07-04,True,False,False,False,False
mean/fixed_protected/calendar,request_10,True,353554.04,128154.04,12700.0,115454.04,0.43289853768278963,,,True,False,True,False,False
mean/fixed_protected/calendar,request_11,True,47978639.17,13110000.0,12510645.0,599355.0,0.04571739130434783,2025-05-03,2025-07-15,False,False,True,False,False
mean/fixed_protected/calendar,request_12,False,132674.7,65164.0,65164.0,0.0,0.0,2026-04-05,2026-04-05,True,True,False,True,False
mean/fixed_protected/calendar,request_13,True,2123.78,823.78,433.4,390.38,0.41459218351741717,2024-05-15,2024-05-15,True,False,True,True,False
mean/fixed_protected/calendar,request_14,True,2959.76,759.76,597.74,162.02,0.029925012005467103,,,True,False,True,False,False
mean/fixed_protected/calendar,request_15,True,1245.92,45.92,83.05,-37.13,-0.010075983717774762,,,True,True,False,False,False
mean/fixed_protected/calendar,request_16,False,261510.89,122500.0,122500.0,0.0,0.0,2023-08-12,2023-08-12,True,False,False,False,False
mean/fixed_protected/calendar,request_17,True,418631.35,252531.35,243849.58,8681.77,0.031616059723233864,2026-03-15,2026-03-15,True,False,True,True,False
mean/fixed_protected/calendar,request_18,True,2014.05,614.05,462.0,152.05,0.046840824373864005,2026-08-15,2026-09-15,False,False,True,False,True
mean/fixed_protected/calendar,request_19,True,124205.02,31405.02,28820.0,2585.02,0.0651795259707514,2024-09-15,2024-09-15,True,True,False,False,False
mean/fixed_protected/calendar,request_20,True,75864.95,11364.95,5400.0,5964.95,0.019640928547909123,,,True,False,True,False,False
mean/fixed_protected/calendar,request_21,True,3653.54,1574.4,1543.35,31.05,0.01972179878048792,2026-04-03,2026-04-15,False,False,False,False,False
mean/fixed_protected/calendar,request_22,True,987.62,487.62,475.46,12.16,0.016623376623376658,2025-01-15,2025-01-15,True,False,True,False,False
mean/fixed_protected/calendar,request_23,True,36971.8,9971.8,9152.0,819.8,0.02156460437710436,2025-07-15,2025-07-15,True,False,True,False,False
mean/fixed_protected/calendar,request_24,True,67948.33,16948.33,13420.0,3528.33,0.032192791970802936,,,True,False,True,False,False
mean/fixed_protected/calendar,request_25,True,23755183.4,376083.4,1425000.0,-1048916.6,-0.017338610817244117,,,True,False,False,False,False
mean/fixed_only/90dates,request_01,False,49637.36,25256.0,25256.0,0.0,0.0,2024-03-03,2024-03-03,True,False,False,False,False
mean/fixed_only/90dates,request_02,True,47864715.49,18706315.49,17229139.2,1477176.29,0.03209996718675299,2025-09-15,2025-09-15,True,False,True,False,False
mean/fixed_only/90dates,request_03,True,3947834.75,1279134.75,873000.0,406134.75,0.07396371334911674,2019-11-15,2019-11-15,True,False,True,False,False
mean/fixed_only/90dates,request_04,True,43013587.42,12326987.42,8401800.0,3925187.42,0.30924032301268417,2024-06-15,2024-06-15,True,False,True,False,False
mean/fixed_only/90dates,request_05,True,10108.6,0,737.0,-737.0,-0.04758522727272727,,,True,False,False,False,False
mean/fixed_only/90dates,request_06,True,1342.82,542.82,603.3,-60.48,-0.09748549323017393,2026-01-15,2026-01-15,True,True,False,False,False
mean/fixed_only/90dates,request_07,True,186169.53,93169.53,87170.56,5998.97,0.03038991894630193,2024-10-23,2024-10-23,True,False,True,False,False
mean/fixed_only/90dates,request_08,True,1174.04,374.04,284.57,89.47,0.08977523580172589,2025-04-15,2025-04-15,True,False,True,True,False
mean/fixed_only/90dates,request_09,False,841.96,166.61,166.61,0.0,0.0,2026-07-04,2026-07-04,True,False,False,False,False
mean/fixed_only/90dates,request_10,True,284454.04,59054.04,12700.0,46354.04,0.17380592425946756,,,True,False,True,False,False
mean/fixed_only/90dates,request_11,True,47978639.17,13110000.0,12510645.0,599355.0,0.04571739130434783,2025-05-03,2025-07-15,False,False,True,False,False
mean/fixed_only/90dates,request_12,False,120882.7,65164.0,65164.0,0.0,0.0,2026-04-05,2026-04-05,True,True,False,True,False
mean/fixed_only/90dates,request_13,True,2123.78,823.78,433.4,390.38,0.41459218351741717,2024-05-15,2024-05-15,True,False,True,True,False
mean/fixed_only/90dates,request_14,True,2959.76,759.76,597.74,162.02,0.029925012005467103,,,True,False,True,False,False
mean/fixed_only/90dates,request_15,True,1245.92,45.92,83.05,-37.13,-0.010075983717774762,,,True,True,False,False,False
mean/fixed_only/90dates,request_16,False,261510.89,122500.0,122500.0,0.0,0.0,2023-08-12,2023-08-12,True,False,False,False,False
mean/fixed_only/90dates,request_17,True,418631.35,252531.35,243849.58,8681.77,0.031616059723233864,2026-03-15,2026-03-15,True,False,True,True,False
mean/fixed_only/90dates,request_18,True,2014.05,614.05,462.0,152.05,0.046840824373864005,2026-08-15,2026-09-15,False,False,True,False,True
mean/fixed_only/90dates,request_19,True,124205.02,31405.02,28820.0,2585.02,0.0651795259707514,2024-09-15,2024-09-15,True,True,False,False,False
mean/fixed_only/90dates,request_20,True,75864.95,11364.95,5400.0,5964.95,0.019640928547909123,,,True,False,True,False,False
mean/fixed_only/90dates,request_21,True,3653.54,1574.4,1543.35,31.05,0.01972179878048792,2026-04-03,2026-04-15,False,False,False,False,False
mean/fixed_only/90dates,request_22,True,987.62,487.62,475.46,12.16,0.016623376623376658,2025-01-15,2025-01-15,True,False,True,False,False
mean/fixed_only/90dates,request_23,True,36971.8,9971.8,9152.0,819.8,0.02156460437710436,2025-07-15,2025-07-15,True,False,True,False,False
mean/fixed_only/90dates,request_24,True,67948.33,16948.33,13420.0,3528.33,0.032192791970802936,,,True,False,True,False,False
mean/fixed_only/90dates,request_25,True,23755183.4,376083.4,1425000.0,-1048916.6,-0.017338610817244117,,,True,False,False,False,False
mean/fixed_only/calendar,request_01,False,49637.36,25256.0,25256.0,0.0,0.0,2024-03-03,2024-03-03,True,False,False,False,False
mean/fixed_only/calendar,request_02,True,47864715.49,18706315.49,17229139.2,1477176.29,0.03209996718675299,2025-09-15,2025-09-15,True,False,True,False,False
mean/fixed_only/calendar,request_03,True,3947834.75,1279134.75,873000.0,406134.75,0.07396371334911674,2019-11-15,2019-11-15,True,False,True,False,False
mean/fixed_only/calendar,request_04,True,43013587.42,12326987.42,8401800.0,3925187.42,0.30924032301268417,2024-06-15,2024-06-15,True,False,True,False,False
mean/fixed_only/calendar,request_05,True,15802.3,2702.3,737.0,1965.3,0.12689178719008265,,,True,False,True,False,False
mean/fixed_only/calendar,request_06,True,1342.82,542.82,603.3,-60.48,-0.09748549323017393,2026-01-15,2026-01-15,True,True,False,False,False
mean/fixed_only/calendar,request_07,True,186169.53,93169.53,87170.56,5998.97,0.03038991894630193,2024-10-23,2024-10-23,True,False,True,False,False
mean/fixed_only/calendar,request_08,True,1174.04,374.04,284.57,89.47,0.08977523580172589,2025-04-15,2025-04-15,True,False,True,True,False
mean/fixed_only/calendar,request_09,False,841.96,166.61,166.61,0.0,0.0,2026-07-04,2026-07-04,True,False,False,False,False
mean/fixed_only/calendar,request_10,True,353554.04,128154.04,12700.0,115454.04,0.43289853768278963,,,True,False,True,False,False
mean/fixed_only/calendar,request_11,True,47978639.17,13110000.0,12510645.0,599355.0,0.04571739130434783,2025-05-03,2025-07-15,False,False,True,False,False
mean/fixed_only/calendar,request_12,False,132674.7,65164.0,65164.0,0.0,0.0,2026-04-05,2026-04-05,True,True,False,True,False
mean/fixed_only/calendar,request_13,True,2123.78,823.78,433.4,390.38,0.41459218351741717,2024-05-15,2024-05-15,True,False,True,True,False
mean/fixed_only/calendar,request_14,True,2959.76,759.76,597.74,162.02,0.029925012005467103,,,True,False,True,False,False
mean/fixed_only/calendar,request_15,True,1245.92,45.92,83.05,-37.13,-0.010075983717774762,,,True,True,False,False,False
mean/fixed_only/calendar,request_16,False,261510.89,122500.0,122500.0,0.0,0.0,2023-08-12,2023-08-12,True,False,False,False,False
mean/fixed_only/calendar,request_17,True,418631.35,252531.35,243849.58,8681.77,0.031616059723233864,2026-03-15,2026-03-15,True,False,True,True,False
mean/fixed_only/calendar,request_18,True,2014.05,614.05,462.0,152.05,0.046840824373864005,2026-08-15,2026-09-15,False,False,True,False,True
mean/fixed_only/calendar,request_19,True,124205.02,31405.02,28820.0,2585.02,0.0651795259707514,2024-09-15,2024-09-15,True,True,False,False,False
mean/fixed_only/calendar,request_20,True,75864.95,11364.95,5400.0,5964.95,0.019640928547909123,,,True,False,True,False,False
mean/fixed_only/calendar,request_21,True,3653.54,1574.4,1543.35,31.05,0.01972179878048792,2026-04-03,2026-04-15,False,False,False,False,False
mean/fixed_only/calendar,request_22,True,987.62,487.62,475.46,12.16,0.016623376623376658,2025-01-15,2025-01-15,True,False,True,False,False
mean/fixed_only/calendar,request_23,True,36971.8,9971.8,9152.0,819.8,0.02156460437710436,2025-07-15,2025-07-15,True,False,True,False,False
mean/fixed_only/calendar,request_24,True,67948.33,16948.33,13420.0,3528.33,0.032192791970802936,,,True,False,True,False,False
mean/fixed_only/calendar,request_25,True,23755183.4,376083.4,1425000.0,-1048916.6,-0.017338610817244117,,,True,False,False,False,False
mean/exclude_flexible/90dates,request_01,False,49637.36,25256.0,25256.0,0.0,0.0,2024-03-03,2024-03-03,True,False,False,False,False
mean/exclude_flexible/90dates,request_02,True,47864715.49,18706315.49,17229139.2,1477176.29,0.03209996718675299,2025-09-15,2025-09-15,True,False,True,False,False
mean/exclude_flexible/90dates,request_03,True,3947834.75,1279134.75,873000.0,406134.75,0.07396371334911674,2019-11-15,2019-11-15,True,False,True,False,False
mean/exclude_flexible/90dates,request_04,True,43013587.42,12326987.42,8401800.0,3925187.42,0.30924032301268417,2024-06-15,2024-06-15,True,False,True,False,False
mean/exclude_flexible/90dates,request_05,True,10108.6,0,737.0,-737.0,-0.04758522727272727,,,True,False,False,False,False
mean/exclude_flexible/90dates,request_06,True,1342.82,542.82,603.3,-60.48,-0.09748549323017393,2026-01-15,2026-01-15,True,True,False,False,False
mean/exclude_flexible/90dates,request_07,True,186169.53,93169.53,87170.56,5998.97,0.03038991894630193,2024-10-23,2024-10-23,True,False,True,False,False
mean/exclude_flexible/90dates,request_08,True,1174.04,374.04,284.57,89.47,0.08977523580172589,2025-04-15,2025-04-15,True,False,True,True,False
mean/exclude_flexible/90dates,request_09,False,841.96,166.61,166.61,0.0,0.0,2026-07-04,2026-07-04,True,False,False,False,False
mean/exclude_flexible/90dates,request_10,True,284454.04,59054.04,12700.0,46354.04,0.17380592425946756,,,True,False,True,False,False
mean/exclude_flexible/90dates,request_11,True,47978639.17,13110000.0,12510645.0,599355.0,0.04571739130434783,2025-05-03,2025-07-15,False,False,True,False,False
mean/exclude_flexible/90dates,request_12,False,120882.7,65164.0,65164.0,0.0,0.0,2026-04-05,2026-04-05,True,True,False,True,False
mean/exclude_flexible/90dates,request_13,True,2123.78,823.78,433.4,390.38,0.41459218351741717,2024-05-15,2024-05-15,True,False,True,True,False
mean/exclude_flexible/90dates,request_14,True,2959.76,759.76,597.74,162.02,0.029925012005467103,,,True,False,True,False,False
mean/exclude_flexible/90dates,request_15,True,1245.92,45.92,83.05,-37.13,-0.010075983717774762,,,True,True,False,False,False
mean/exclude_flexible/90dates,request_16,False,261510.89,122500.0,122500.0,0.0,0.0,2023-08-12,2023-08-12,True,False,False,False,False
mean/exclude_flexible/90dates,request_17,True,418631.35,252531.35,243849.58,8681.77,0.031616059723233864,2026-03-15,2026-03-15,True,False,True,True,False
mean/exclude_flexible/90dates,request_18,True,2014.05,614.05,462.0,152.05,0.046840824373864005,2026-08-15,2026-09-15,False,False,True,False,True
mean/exclude_flexible/90dates,request_19,True,124205.02,31405.02,28820.0,2585.02,0.0651795259707514,2024-09-15,2024-09-15,True,True,False,False,False
mean/exclude_flexible/90dates,request_20,True,75864.95,11364.95,5400.0,5964.95,0.019640928547909123,,,True,False,True,False,False
mean/exclude_flexible/90dates,request_21,True,3653.54,1574.4,1543.35,31.05,0.01972179878048792,2026-04-03,2026-04-15,False,False,False,False,False
mean/exclude_flexible/90dates,request_22,True,987.62,487.62,475.46,12.16,0.016623376623376658,2025-01-15,2025-01-15,True,False,True,False,False
mean/exclude_flexible/90dates,request_23,True,36971.8,9971.8,9152.0,819.8,0.02156460437710436,2025-07-15,2025-07-15,True,False,True,False,False
mean/exclude_flexible/90dates,request_24,True,67948.33,16948.33,13420.0,3528.33,0.032192791970802936,,,True,False,True,False,False
mean/exclude_flexible/90dates,request_25,True,23755183.4,376083.4,1425000.0,-1048916.6,-0.017338610817244117,,,True,False,False,False,False
mean/exclude_flexible/calendar,request_01,False,49637.36,25256.0,25256.0,0.0,0.0,2024-03-03,2024-03-03,True,False,False,False,False
mean/exclude_flexible/calendar,request_02,True,47864715.49,18706315.49,17229139.2,1477176.29,0.03209996718675299,2025-09-15,2025-09-15,True,False,True,False,False
mean/exclude_flexible/calendar,request_03,True,3947834.75,1279134.75,873000.0,406134.75,0.07396371334911674,2019-11-15,2019-11-15,True,False,True,False,False
mean/exclude_flexible/calendar,request_04,True,43013587.42,12326987.42,8401800.0,3925187.42,0.30924032301268417,2024-06-15,2024-06-15,True,False,True,False,False
mean/exclude_flexible/calendar,request_05,True,15802.3,2702.3,737.0,1965.3,0.12689178719008265,,,True,False,True,False,False
mean/exclude_flexible/calendar,request_06,True,1342.82,542.82,603.3,-60.48,-0.09748549323017393,2026-01-15,2026-01-15,True,True,False,False,False
mean/exclude_flexible/calendar,request_07,True,186169.53,93169.53,87170.56,5998.97,0.03038991894630193,2024-10-23,2024-10-23,True,False,True,False,False
mean/exclude_flexible/calendar,request_08,True,1174.04,374.04,284.57,89.47,0.08977523580172589,2025-04-15,2025-04-15,True,False,True,True,False
mean/exclude_flexible/calendar,request_09,False,841.96,166.61,166.61,0.0,0.0,2026-07-04,2026-07-04,True,False,False,False,False
mean/exclude_flexible/calendar,request_10,True,353554.04,128154.04,12700.0,115454.04,0.43289853768278963,,,True,False,True,False,False
mean/exclude_flexible/calendar,request_11,True,47978639.17,13110000.0,12510645.0,599355.0,0.04571739130434783,2025-05-03,2025-07-15,False,False,True,False,False
mean/exclude_flexible/calendar,request_12,False,132674.7,65164.0,65164.0,0.0,0.0,2026-04-05,2026-04-05,True,True,False,True,False
mean/exclude_flexible/calendar,request_13,True,2123.78,823.78,433.4,390.38,0.41459218351741717,2024-05-15,2024-05-15,True,False,True,True,False
mean/exclude_flexible/calendar,request_14,True,2959.76,759.76,597.74,162.02,0.029925012005467103,,,True,False,True,False,False
mean/exclude_flexible/calendar,request_15,True,1245.92,45.92,83.05,-37.13,-0.010075983717774762,,,True,True,False,False,False
mean/exclude_flexible/calendar,request_16,False,261510.89,122500.0,122500.0,0.0,0.0,2023-08-12,2023-08-12,True,False,False,False,False
mean/exclude_flexible/calendar,request_17,True,418631.35,252531.35,243849.58,8681.77,0.031616059723233864,2026-03-15,2026-03-15,True,False,True,True,False
mean/exclude_flexible/calendar,request_18,True,2014.05,614.05,462.0,152.05,0.046840824373864005,2026-08-15,2026-09-15,False,False,True,False,True
mean/exclude_flexible/calendar,request_19,True,124205.02,31405.02,28820.0,2585.02,0.0651795259707514,2024-09-15,2024-09-15,True,True,False,False,False
mean/exclude_flexible/calendar,request_20,True,75864.95,11364.95,5400.0,5964.95,0.019640928547909123,,,True,False,True,False,False
mean/exclude_flexible/calendar,request_21,True,3653.54,1574.4,1543.35,31.05,0.01972179878048792,2026-04-03,2026-04-15,False,False,False,False,False
mean/exclude_flexible/calendar,request_22,True,987.62,487.62,475.46,12.16,0.016623376623376658,2025-01-15,2025-01-15,True,False,True,False,False
mean/exclude_flexible/calendar,request_23,True,36971.8,9971.8,9152.0,819.8,0.02156460437710436,2025-07-15,2025-07-15,True,False,True,False,False
mean/exclude_flexible/calendar,request_24,True,67948.33,16948.33,13420.0,3528.33,0.032192791970802936,,,True,False,True,False,False
mean/exclude_flexible/calendar,request_25,True,23755183.4,376083.4,1425000.0,-1048916.6,-0.017338610817244117,,,True,False,False,False,False
hold_today/all/90dates,request_01,False,48241.27,25256.0,25256.0,0.0,0.0,2024-03-03,2024-03-03,True,False,False,False,False
hold_today/all/90dates,request_02,True,47495165.49,18336765.49,17229139.2,1107626.29,0.024069413924985857,2025-09-15,2025-09-15,True,False,False,False,False
hold_today/all/90dates,request_03,True,3640437.0,971737.0,873000.0,98737.0,0.017981606264796942,2019-11-15,2019-11-15,True,False,False,False,False
hold_today/all/90dates,request_04,True,41295886.07,10609286.07,8401800.0,2207486.07,0.17391365870952497,2024-06-15,2024-06-15,True,False,False,False,False
hold_today/all/90dates,request_05,True,8575.15,0,737.0,-737.0,-0.04758522727272727,,,True,False,False,False,False
hold_today/all/90dates,request_06,True,1323.82,523.82,603.3,-79.48,-0.12811089619600244,2026-01-15,2026-01-15,True,False,False,False,False
hold_today/all/90dates,request_07,True,179237.22,86237.22,87170.56,-933.34,-0.004728166160081036,2024-10-23,2024-10-23,True,False,False,False,False
hold_today/all/90dates,request_08,True,1085.2,285.2,284.57,0.63,0.0006321493076459918,,2025-04-15,False,False,False,False,False
hold_today/all/90dates,request_09,False,841.96,166.61,166.61,0.0,0.0,2026-07-04,2026-07-04,True,False,False,False,False
hold_today/all/90dates,request_10,True,188826.85,0,12700.0,-12700.0,-0.047619047619047616,,,True,False,False,False,False
hold_today/all/90dates,request_11,True,46460466.62,12319866.62,12510645.0,-190778.38,-0.014552126620900139,2025-05-15,2025-07-15,False,False,False,False,False
hold_today/all/90dates,request_12,False,103570.23,60370.23,65164.0,-4793.77,-0.07356469829967462,,2026-04-05,False,False,False,False,False
hold_today/all/90dates,request_13,True,1790.78,490.78,433.4,57.38,0.060938827527612566,,2024-05-15,False,False,False,False,False
hold_today/all/90dates,request_14,True,2816.29,616.29,597.74,18.55,0.003426175612278814,,,True,False,False,False,False
hold_today/all/90dates,request_15,True,1205.08,5.08,83.05,-77.97,-0.02115875169606513,,,True,False,False,False,False
hold_today/all/90dates,request_16,False,261510.89,122500.0,122500.0,0.0,0.0,2023-08-12,2023-08-12,True,False,False,False,False
hold_today/all/90dates,request_17,True,409123.67,243023.67,243849.58,-825.91,-0.003007683903860067,2026-04-15,2026-03-15,False,False,False,False,False
hold_today/all/90dates,request_18,True,1946.05,546.05,462.0,84.05,0.02589260959305011,2026-09-15,2026-09-15,True,False,False,False,False
hold_today/all/90dates,request_19,True,117976.15,25176.15,28820.0,-3643.85,-0.09187720625315175,2024-09-15,2024-09-15,True,False,False,False,False
hold_today/all/90dates,request_20,True,73351.68,8851.68,5400.0,3451.68,0.011365426407639118,,,True,False,False,False,False
hold_today/all/90dates,request_21,True,3473.13,1574.4,1543.35,31.05,0.01972179878048792,2026-04-03,2026-04-15,False,False,False,False,False
hold_today/all/90dates,request_22,True,964.62,464.62,475.46,-10.84,-0.014818865345181101,2025-01-15,2025-01-15,True,False,False,False,False
hold_today/all/90dates,request_23,True,35360.17,8360.17,9152.0,-791.83,-0.02082886153198653,2025-07-15,2025-07-15,True,False,False,False,False
hold_today/all/90dates,request_24,True,64539.29,13539.29,13420.0,119.29,0.001088412408759132,,,True,False,False,False,False
hold_today/all/90dates,request_25,True,23755183.4,376083.4,1425000.0,-1048916.6,-0.017338610817244117,,,True,False,False,False,False
